PowerShell,xWordPress,NULL,True,18842714
paulcbetts,splat,NULL,True,5319412
nginx-shib,shibboleth-fastcgi,NULL,True,69957143
Atvaark,insomnia,63935655,True,76367143
Wufe,react-particles-js,NULL,True,51394484
cptdeka10,tldr,9286541,True,75572387
manishbisht,phpmyadmin,24444,True,31888009
siad007,phing,15241,True,9836294
khbrst,khbrst.github.io,NULL,True,68993277
NeverResponse,Sylius,174642,True,25880228
natrolite,natrolite,NULL,False,61221681
AllanYangZhou,oppia,22103199,True,25354466
jeffreydwalter,arlo,NULL,True,44845697
storybooks,react-storybook,NULL,True,49956367
rezoo,chainer,20907289,True,21345203
PeptoneInc,dspp-keras,NULL,True,65682631
PowerShell,xPowerShellExecutionPolicy,NULL,True,18842679
csirtgadgets,bearded-avenger-deploymentkit,NULL,True,55163202
stnava,ANTs,NULL,True,804235
schacon,ruby-git,NULL,True,10736
AjuntamentdeBarcelona,decidim,NULL,True,49806214
fjmorant,react-native-nested-listview,NULL,True,76217897
deraru,rails,1334,True,48475713
wso2,carbon-device-mgt-plugins,NULL,True,16105183
N-Parsons,exercism-python,67498104,True,75483446
pfnet,chainer,NULL,True,20907289
minwoo-jung,pinpoint,14897549,True,14991682
DemonWav,MinecraftDevIntelliJ,NULL,True,35953403
inDream,sequelize,2989453,True,41763508
mmistakes,minimal-mistakes,NULL,True,3828093
rkorn86,cas,9459,True,28007207
Magnetic,luigi,,True,
LinioIT,mail,NULL,True,17541717
assain,rails,1334,True,65882443
jantimon,html-webpack-plugin,11344563,True,17320194
WaterfallMC,Waterfall,NULL,True,31343342
rematch,rematch,NULL,True,76182494
rickbeerendonk,react-native,17991525,True,18006015
mfikes,homebrew-core,32902832,True,35659556
pliablepixels,ZoneMinder,3377196,True,20931570
mrBussy,mrbussy.github.io,NULL,True,11478239
exercism,xpython,NULL,True,8267506
Jens-G,thrift,848686,True,7057148
gdavila,gdavila.github.io,NULL,True,76428839
mattstratton,probablyfine,NULL,True,38596284
bgelens,xHyper-V,18842669,True,31023034
tekezo,Karabiner-Elements,NULL,True,40964011
Sylius,Sylius,NULL,True,174642
charithag,product-device-cloud,27402847,True,22006011
Aceheliflyer,AceBot,NULL,True,73431919
Blizzard,node-rdkafka,NULL,True,43343000
DotJoshJohnson,vscode-xml,30902660,True,29105240
zsdonghao,tensorlayer,NULL,True,38596291
BenEmdon,CenteredCollectionView,NULL,True,53464047
benbalter,wordpress-to-jekyll-exporter,NULL,True,425893
github,linguist,NULL,True,24397
phpmyadmin,sql-parser,NULL,True,32020503
npds,npds_dune,NULL,True,35080474
PlagueHO,ciSCSI,NULL,True,29880121
galetahub,ckeditor,NULL,True,8835
charithag,product-iot-server,27402847,True,27532664
kddeisz,rails,1334,True,16442701
brettle,atom,9626183,True,19113793
atom,sort-lines,NULL,True,8221003
gorilla,feeds,NULL,True,2257793
SachinMali,acs-aem-commons,5579922,True,8076983
danielfarrell,gatsby,21426700,True,60452830
svemaraju,svemaraju.github.io,NULL,True,62967587
johnbelamaric,coredns,33725039,True,44319856
idehub,react-native-google-analytics-bridge,NULL,True,29344051
LinioIT,database,NULL,True,17520359
kazoompa,agate,9860525,True,10649645
ssbc,emoji-server,NULL,True,14565416
db-migrate,node-db-migrate,NULL,True,17591940
PowerShell,xHyper-V,NULL,True,18842669
dunkinnear,dunkinnear.github.io,9409249,True,27796772
Ikulagin,ikulagin.github.io,NULL,True,25518985
benbalter,jekyll-avatar,NULL,True,30773330
openatx,uiautomator2,NULL,True,74935805
apache,beam,NULL,True,53564232
lc-soft,LCUI,NULL,True,43803
mikedeboer,node-github,NULL,True,1872833
exercism,xdelphi,NULL,True,55862030
rti,vimb,3196495,True,45864507
robohack,homebrew-core,32902832,True,63047773
knnniggett,ZoneMinder,3377196,True,4872379
LesliePajuelo,LesliePajuelo.github.io,NULL,True,16147310
PyGithub,PyGithub,NULL,True,16999311
Vel0x,vel0x.github.io,NULL,True,9362166
nbari,homebrew-core,32902832,True,58628831
Homebrew,homebrew-bundle,NULL,True,18926351
PowerShell,xRobocopy,NULL,True,21293282
hanxue,linuxbrew,,True,
BrewTestBot,homebrew-core,32902832,True,34370625
Timer,create-react-app,41857480,True,49074141
neilLasrado,erpnext,7976200,True,11475203
zmwangx,homebrew-core,32902832,True,34629525
babel,babel-preset-env,NULL,True,43480740
arthurchipdean,xecmascript,9859721,True,64451048
nemisj,sequelize,2989453,True,56054200
nilaydshah,azure-quickstart-templates,19189656,True,27371352
SVProgressHUD,SVProgressHUD,NULL,True,30589165
johlju,xSQLServer,18842702,True,35958840
madawas,carbon-device-mgt,16105165,True,46600447
odedniv,rails,1334,True,8649496
ssbc,ssb-search,NULL,True,30077922
mcgill-robotics,Firmware,34957,True,51124139
arunimachaudhary,arunimachaudhary.github.io,9988925,True,72006401
ceyhuno,react-native-navigation,33456486,True,68911222
ocadotechnology,aimmo,NULL,True,32649477
Laravel-Backpack,base,NULL,True,32600028
auth0-extensions,auth0-user-invite-extension,NULL,True,42006665
crewjam,saml,NULL,True,29130623
ssbc,ssb-names,NULL,True,31080020
wolfthefallen,king-phisher-plugins,35976900,True,43579930
prebid,Prebid.js,NULL,True,22050458
PowerShell,DscResources,NULL,True,18840935
feross,standard,NULL,True,15592045
imolorhe,altair,NULL,True,60630312
AdmiringWorm,Faker.NET.Portable,NULL,True,22173599
Insti,xruby,8258046,True,37043934
RaptorRCX,exercism.io,6146926,False,63392692
basecamp,trix,NULL,True,27586452
probot,stale,NULL,True,59564459
ssbc,ssb-testnet,NULL,True,22180934
PhrozenByte,Pico,8806873,True,23359630
MSP-Greg,rails,1334,True,47719458
gumgum,Prebid.js,22050458,True,38783099
moonlight-stream,moonlight-android,NULL,True,19102548
lesserwhirls,lesserwhirls.github.io,NULL,True,31759418
SpoonX,wetland,NULL,True,40902725
Insti,exercism-ruby,67498126,True,68495118
MyEtherWallet,MyEtherWallet,NULL,True,58160871
pages-themes,hacker,NULL,True,52875783
obiba,agate,NULL,True,9860525
Homebrew,brew,NULL,True,33135287
claui,brew,33135287,True,52550002
DanSnow,vue-recaptcha,NULL,True,31692594
TomEvin,librenms,6103078,True,68725947
phpmyadmin,shapefile,NULL,True,39098576
webtorrent,webtorrent,NULL,True,62386240
wireload,screenly-ose,NULL,True,90060
maliceio,malice,NULL,True,30410249
hakanensari,vacuum,NULL,True,16281
wordpress-mobile,WordPress-iOS,NULL,True,321869
CherrySquid,CherrySquid.github.io,NULL,True,76043823
PowerShell,xComputerManagement,NULL,True,18842666
charlesccychen,beam,53564232,True,53807419
mauron85,react-native-background-geolocation,NULL,True,37966867
grugnog,charts,33846255,True,53642524
rasika90,carbon-device-mgt,16105165,True,29750901
website-scraper,node-website-scraper,NULL,True,72663346
b4b4r07,enhancd,NULL,True,13820849
darkblank,darkblank.github.io,NULL,True,74359672
securestate,king-phisher-templates,NULL,True,24626680
minishift,minishift,NULL,True,49794998
PowerShell,xStorage,NULL,True,21351877
prasanna08,oppia,22103199,True,31022359
xbeaudouin,librenms,6103078,True,26468656
gt2985,gt2985.github.io,9409249,True,14216281
poldracklab,mriqc,NULL,True,30500074
Ubuntu-Solutions-Engineering,conjure,NULL,True,28777220
aditya-kapoor,rails,1334,True,1464573
felipecvo,rails,1334,True,11852516
felixnguyen31,felixnguyen31.github.io,9409249,True,76415780
benbalter,licensee,NULL,True,11435736
rsim,ruby-plsql,NULL,True,325226
rcarrata,rcarrata.github.io,NULL,True,70694625
Factual,kudos,NULL,True,53318074
TransitApp,SVProgressHUD,NULL,True,10832091
omahajs,applied,NULL,True,55938821
tigert,betaflight-configurator,38830614,True,42837585
exercism,xcrystal,NULL,True,33244144
ylluminarious,homebrew-core,32902832,True,75453979
vtrnnhlinh,vtrnnhlinh.github.io,NULL,True,64961193
gfvcastro,rails,1334,True,29987965
patilsangram,erpnext,7976200,True,32316873
shioyama,rails,1334,True,1044288
lizan,envoy,45769443,True,52700369
labstack,echo,NULL,True,18054793
benbalter,jekyll-relative-links,NULL,True,50918070
pheanex,xpython,8267506,True,56778108
trinityfx,trinity,NULL,True,72920641
Factual,kudos21,NULL,True,34996702
JeffreyWay,laravel-mix,NULL,True,53159862
mohitnatoo,rails,1334,True,31240775
parallel-js,parallel.js,NULL,True,46725852
mmistakes,so-simple-theme,NULL,True,4245579
untidy-hair,rails,1334,True,11474223
MattH-be,ecmascript,67497846,True,78654103
xuhdev,vim-latex-live-preview,NULL,True,516109
PowerShell,xRemoteDesktopSessionHost,NULL,True,18842683
sjackman,homebrew-core,32902832,True,34592153
robertwb,incubator-beam,31691080,True,34191061
pressbooks,pressbooks,NULL,True,3230576
typo3-themes,theme_bootstrap4,NULL,True,24603870
chdecultot,frappe,7975648,True,59670576
kmcphillips,rails,1334,True,17089999
lachie83,charts,33846255,True,43575502
RasaHQ,rasa_nlu,NULL,True,65400872
mobxjs,mobx-state-tree,NULL,True,48852822
wso2-incubator,product-iot-server,NULL,True,27402847
Zales0123,Sylius,174642,True,14832013
kaidokert,json,4489243,True,86882310
PowerShell,xSCOM,NULL,True,18842697
decidim,decidim,NULL,True,62925165
abraxasyu,abraxasyu.github.io,NULL,True,21578370
stefanbode,Sonoff-Tasmota,55877825,True,62247228
ankane,chartkick.js,NULL,True,3725714
rack-test,rack-test,36376,True,61356428
rook,rook,NULL,True,50215757
acemod,ace3-misc,NULL,True,33978656
frctl,fractal,NULL,True,28562932
kategolden,kategolden.github.io,NULL,True,17815853
rsim,oracle-enhanced,NULL,True,5955
moonlight-stream,moonlight-chrome,NULL,True,32296279
reelsense,homebrew-core,32902832,True,34918715
madhawap,carbon-device-mgt-plugins,16105183,True,36761628
brynary,rack-test,NULL,True,36376
PowerShell,xDatabase,NULL,True,18842663
McJty,LostCities,NULL,True,66284428
RealBarrettBrown,xc,67497713,True,77973530
Azure,azure-quickstart-templates,NULL,True,19189656
BlakeWilliams,rails,NULL,True,27422453
Semantic-Org,Semantic-UI-React,NULL,True,37326766
simont77,fakegato-history,NULL,True,72176118
jgao54,airflow,20886510,True,33759106
nandub,homebrew-core,32902832,True,36724120
rangadi,beam,53564232,True,68714370
stoe,pdfify-node,NULL,True,60454213
mapbox,mapbox-java,NULL,True,35322539
PowerShell,xWinEventLog,NULL,True,18842704
3nids,QGIS,5389187,True,5586352
PowerShell,xAzurePack,NULL,True,18842662
oppia,oppia,NULL,True,22103199
gorilla,sessions,NULL,True,1690332
github,hubot,NULL,True,496
pqrs-org,KE-complex_modifications,NULL,True,68161262
tony,tmuxp,NULL,True,5356235
PowerShell,xSCSPF,NULL,True,18842691
librenms,librenms,NULL,True,6103078
renesansz,discord-greeter-bot,NULL,True,77329217
OWASP,pipeline,NULL,True,24993524
brianrodri,oppia,22103199,True,67365958
ShareX,ShareX,NULL,True,5684037
mmanela,chutzpah,NULL,True,8071582
Tuxity,loopback-connector-mongodb,5461092,True,44118102
TonyBazz,betaflight,38829050,True,65379043
palantir,http-remoting,NULL,True,29279399
DomT4,brew,33135287,True,34444368
WildGums,LogViewer,NULL,True,15184211
frett,cas,36544019,True,66918
pH7Software,pH7-Social-Dating-CMS,NULL,True,2936546
sid88in,incubator-airflow,34870181,True,73704494
seigel,pouchdb,8932041,True,39983392
hakanensari,peddler,NULL,True,8945849
linz,linz_bde_copy,NULL,True,8535861
jnishi,chainer,20907289,True,21055074
JCount,homebrew-core,32902832,True,35628127
clarkbw,jest-webextension-mock,NULL,True,63956395
decaffeinate-examples,hubot,496,True,55954247
xvazquezc,xvazquezc.github.io,NULL,True,76517013
ampedandwired,html-webpack-plugin,NULL,True,11344563
vitalisator,librenms,6103078,True,20534704
ssbc,graphmitter,NULL,True,14750205
manisandro,QGIS,5389187,True,8857304
vipulnsward,rails,1334,True,1045327
OWASP,django-DefectDojo,NULL,True,45216929
bmoore-msft,azure-quickstart-templates,19189656,True,19385865
nolimits4web,Swiper,NULL,True,54491
willbar,licensee,11435736,True,61183575
phpmyadmin,docker,NULL,True,29301591
PowerShell,xWindowsEventForwarding,NULL,True,21351939
TrueCommerce,vscode-xml,NULL,True,30902660
caiogondim,logdown.js,NULL,True,41674319
dita-ot,dita-ot,NULL,True,6286
rails,activeresource,NULL,True,5016
airbnb,airflow,NULL,True,20886510
github,generator-hubot,NULL,True,12739828
rasika,product-iots,34315616,True,44357515
ruwany,product-iots,34315616,True,46425057
OpcaoTelecom,librenms,6103078,True,37572333
nteract,nteract,NULL,True,32030755
BeanSeed,BeanSeed.github.io,NULL,True,75692738
vmora,QGIS,5389187,True,12404788
ricardogsilva,QGIS,5389187,True,28775638
cdinger,oracle-enhanced,5955,True,482227
tkh44,emotion,NULL,True,65750220
ssbc,secret-stack,NULL,True,22558108
ATLauncher,Discord-Bot,NULL,True,47452346
WeblateOrg,wlc,NULL,True,40906866
terrycain,razer_drivers,30911815,True,30779485
Byte-666,xWebAdministration,18842708,True,76001757
MessageKit,MessageKit,NULL,True,37106414
qgis,QGIS,NULL,True,5389187
varashellov,Prebid.js,22050458,True,70762526
Frodox,buildbot,23052,True,52644499
SpreeGorilla,Prebid.js,22050458,True,73296613
dabutvin,ImgBot,NULL,True,72925291
jdfreder,nteract,32030755,True,35020458
rpottsoh,xdelphi,55862030,True,55955668
securestate,king-phisher-plugins,NULL,True,35976900
sotayamashita,atom,9626183,True,65876639
sjackman,homebrew,34394900,True,414827
IntellectualSites,PlotSquared,NULL,True,22053622
PowerShell,xInternetExplorerHomePage,NULL,True,18842674
salesforce-ux,design-system-starter-kit,NULL,True,37607818
wsmelton,dbatools,26311060,True,42925369
envoyproxy,envoy,NULL,True,74717642
gserra-olx,homebrew-core,32902832,True,63811919
madhuracj,sql-parser,32020503,True,22181986
Chewbotcca,IRC,NULL,True,77217941
SUPERCILEX,Robot-Scouter,NULL,True,45985217
SUSE,Portus,NULL,True,18722109
mikey-harper,mikey-harper.github.io,NULL,False,61573993
jgrocha,QGIS,5389187,True,54476345
simongdavies,azure-quickstart-templates,19189656,True,19398918
Pr0Ger,PyAPNs2,NULL,True,32027085
fireblock,go-ethereum,7115486,True,71617642
unitejs,engine,NULL,True,71494194
tjschuck,rails,1334,True,3585914
CocoaPods,cocoadocs.org,NULL,True,3343304
Envek,rails,1334,True,10762055
michel-kraemer,gradle-download-task,NULL,True,5562763
jef-n,QGIS,5389187,True,7897365
Edouard-chin,rails,1334,True,30567257
Vasfed,rails,1334,True,1048763
rails,rails,NULL,True,1334
blazek,QGIS,5389187,True,7897367
eGust,epub-reader,NULL,True,54261488
r39132,airflow,20886510,True,30904438
ykuijs,xSharePoint,19403199,True,28986019
Automattic,wp-calypso,NULL,True,29067220
tomkralidis,QGIS,5389187,True,42028498
micro-a5k,microg-unofficial-installer,NULL,True,69239738
tejasbubane,xecmascript,9859721,True,52049300
Gustry,QGIS,5389187,True,10209833
Linuxbrew,brew,NULL,True,35256269
physycom,QGIS,5389187,True,55117506
idehub,react-native-billing,NULL,True,31036150
wind0r,betaflight,38829050,True,48305893
NaturalGIS,naturalgis_qgis,5389187,True,65832398
snahor,xsml,13707302,True,47777188
muan,hello-world,NULL,True,17653967
ToroCraft,ToroQuest,NULL,True,45386041
cbauerme,sequelize,2989453,True,30540689
facebook,fresco,NULL,True,18004957
rldhont,Quantum-GIS,12316,True,940057
ToroCraft,NemesisSystem,NULL,True,67688742
obiba,opal,NULL,True,1443919
Belval,pdf2image,NULL,True,77469788
fanglingsu,vimb,NULL,True,3196495
kevinrenaers,atom,9626183,True,53996674
esparta,rails,1334,True,40235416
avto-dev,static-references-laravel,NULL,True,77923305
Homebrew,homebrew-core,NULL,True,32902832
hali9,inav,30387321,True,55918908
Fokko,incubator-airflow,34870181,True,38485076
DieHertz,betaflight,38829050,True,51680992
kywk,hexi,NULL,True,5266990
Pipeoverflow,website,NULL,True,78475094
palantir,gradle-baseline,NULL,True,23680780
Jasig,cas,NULL,True,9459
hasuniea,carbon-device-mgt,16105165,True,24063008
travis-ci,dpl,NULL,True,5495407
myntra,react-native,17991525,True,26231714
timgrossmann,InstaPy,NULL,True,46650238
PowerShell,xSmbShare,NULL,True,18842694
donovanwatts,donovanwatts.github.io,NULL,True,63079271
exercism,xjavascript,NULL,True,8265527
sikmir,QGIS,5389187,True,53424974
CHEF-KOCH,regtweaks,NULL,True,24494898
chentsulin,electron-react-boilerplate,NULL,True,20161965
ttanimichi,rails,1334,True,50676420
CartoDB,cartodb,NULL,True,4524570
njleonzhang,vue-data-tables,NULL,True,52902568
ssbc,ssb-ref,NULL,True,21877267
EmergingTechnologyAdvisors,node-serialport,NULL,True,37267557
StarExec,code-prettify,NULL,True,71800735
feross,webtorrent-desktop,NULL,True,34144386
ledestin,rails,1334,True,67361834
jevakallio,react-native,17991525,True,22130076
Glavin001,atom-beautify,NULL,True,10250990
yoshuawuyts,bankai,NULL,True,30208385
4712betaflight,betaflight,28138276,True,28773453
mwarkentin,django-watchman,NULL,True,7887252
chrisohaver,coredns,35885949,True,44196275
dsXLII,homebrew-core,32902832,True,34414727
firefly-iii,firefly-iii,NULL,True,53848459
mbcoguno,homebrew-core,6866209,True,1376391
avtocod,b2b-api-php-laravel,NULL,True,77363646
typo3-themes,themes_showcase,NULL,True,18042627
BrainFPV,betaflight,38829050,True,48829315
yongtang,coredns,33725039,True,43870382
zoisom,tldr,9286541,True,73641870
PowerShell,xFailOverCluster,NULL,True,18842670
mathieujobin,reduced-rails-for-travis,NULL,True,72314472
milanperera,carbon-device-mgt-plugins,16105183,True,19459915
riga,luigi,896266,True,26249382
zeroSteiner,king-phisher,7230307,True,23057218
fmv1992,python-mode,4742,True,51022753
slashdoom,librenms,6103078,True,58549193
drazisil,dashboard-zero,20057512,True,29275259
martin227,martin227.github.io,3828093,True,76129252
klamping,webdriverio,11036506,True,27446194
ethereum,go-ethereum,NULL,True,7115486
GeoDienstenCentrum,sass-maven-plugin,159178,True,13587949
pamil,Sylius,174642,True,7083033
openrazer,openrazer,NULL,True,43013976
CHEF-KOCH,CryptoNews,NULL,True,29752016
PlagueHO,FSRMDsc,NULL,True,42090704
nspragg,filehound,NULL,True,33071971
Laravel-Backpack,Generators,NULL,True,33284780
gpu0,gpu0.github.io,NULL,True,35479133
robotechredmond,azure-quickstart-templates,19189656,True,28114469
zooniverse,Panoptes,NULL,True,9762583
Laravel-Backpack,permissionmanager,NULL,True,37135001
paoloambrosio,cucumber-jvm,48764,True,1811741
sverweij,dependency-cruiser,NULL,True,51173489
parksw3,parksw3.github.io,NULL,True,46380072
ezecosystem,Sylius,174642,True,53769712
askmike,gekko,NULL,True,3690496
pholleran-org,probot,59442440,True,65941590
bogdanvlviv,rails,1334,True,19833674
phingofficial,phing,NULL,True,15241
mgrimes,brew,33135287,False,38556491
ssbc,patchwork,NULL,True,22071728
si618,betaflight,38829050,True,42010704
mikesplain,openvas-docker,NULL,True,8666082
KeyboardNerd,clair,28774507,True,63747370
jimmidyson,minishift,NULL,True,40699930
amar-laksh,brew_sudo,NULL,True,75485790
Screenly,screenly-ose,NULL,True,66540366
gorilla,schema,NULL,True,1905203
jsbin,jsbin,NULL,True,7687582
s0ph1e,node-css-url-parser,NULL,True,19234066
GoogleCloudPlatform,professional-services,NULL,True,65194359
DPUkyle,cucumber-jvm,48764,True,42858127
Somoaudience,Prebid.js,22050458,True,77972894
JamesShaeffer,QGIS,5389187,True,62781313
EricFromCanada,brew,33135287,True,57908727
bfontaine,homebrew-command-not-found,NULL,True,16682597
McJty,RFTools,NULL,True,11078699
gorkalaucirica,Sylius,174642,True,7244420
AvyanConsultingCorp,azure-quickstart-templates,19189656,True,43741320
Rosiak,librenms,6103078,True,16314295
majorleaguesoccer,sequelize,2989453,True,61013652
phusion,homebrew-core,32902832,True,35883415
ESS-LLP,frappe,7975648,True,34053056
ruwany,carbon-device-mgt-plugins,16105183,True,45752743
kobiso,kobiso.github.io,NULL,False,74344953
ssbc,nicedate,NULL,True,14552383
georgeluong,georgeluong.github.io,NULL,True,70330481
jzaefferer,jquery-validation,NULL,True,2727
mfariacastro,mfariacastro.github.io,NULL,True,75352382
PlagueHO,xNetworking,18842681,True,25101010
kesha-antonov,react-native,54716379,True,63639929
yhirano55,rails,1334,True,31859188
niosus,EasyClangComplete,NULL,True,35307048
igwejk,mocha,12752196,True,51097948
denzelsN,pinpoint,14897549,True,17615466
storybooks,storybook,NULL,True,62379381
Floato,electron,18904813,True,30487725
LinioIT,common,NULL,True,17543670
PlagueHO,xComputerManagement,18842666,True,33725824
edporras,homebrew-core,32902832,True,37463633
geethkokila,carbon-device-mgt,16105165,True,51384777
PowerShell,xSCSMA,NULL,True,18842689
mainio,decidim,49806214,True,58491428
meek0,mica2,14767808,False,34874744
CraZySacX,atom,9626183,True,30689840
PowerShell,xSystemSecurity,NULL,True,18842701
coliff,bootstrap-ie8,NULL,True,24344419
jshjohnson,Choices,NULL,True,33557403
typo3-themes,theme_bootstrap_appstrap,NULL,True,23579895
feathersjs,feathers-rx,NULL,True,34210842
kunickiaj,homebrew-core,32902832,True,42192613
andreipitis,ASPVideoPlayer,NULL,True,34102178
videni,Sylius,174642,True,19603369
DemonWav,IntelliJBukkitSupport,NULL,True,26129218
MCKLMT,azure-quickstart-templates,19189656,True,44890694
aknuds1,bankai,30208385,True,46709611
getantibody,antibody,NULL,True,30744970
stgraber,homebrew-core,32902832,True,60296240
athaynes,AuditPolicyDsc,NULL,True,42432961
gocraft,dbr,NULL,True,9814167
dragosprotung,Sylius,174642,True,33937840
jekyll-fr,jekyll-fr.github.io,NULL,True,32604942
mattstratton,bowie,NULL,True,76714358
PowerShell,xActiveDirectory,NULL,True,18535202
bpasero,electron,18904813,True,21196785
PowerShell,xExchange,NULL,True,18842675
jdubois,homebrew-core,32902832,True,65925382
mahori,homebrew-core,32902832,True,39324797
AlienFlightINAV,inav,30387321,True,56889516
kamipo,rails,1334,True,6512881
Alexsey,sequelize,2989453,True,55916371
lbartoletti,QGIS,5389187,True,20934759
Brille24,Sylius,174642,True,77185415
DataDog,integrations-extras,NULL,True,32330567
LanikSJ,awscli-aliases,51987400,True,57347327
eruizdechavez,grunt-string-replace,NULL,True,29173839
spotify,docker-gc,NULL,True,10481819
McJty,compatlayer,NULL,True,50860352
cleanflight,cleanflight,NULL,True,12190410
moonlight-stream,moonlight-ios,NULL,True,19102364
ethersphere,go-ethereum,7115486,True,8599832
yacir,YBSlantedCollectionViewLayout,NULL,True,32888480
Tatermen,librenms,6103078,True,29019311
rasika90,product-iot-server,27402847,True,27777653
localheinz,test-util,NULL,True,73486827
VdustR,vue-material,51321031,True,70057870
andrewleverette,atom,9626183,False,61009741
leothehuman,cleanflight,12190410,True,23094842
hypothesis,via,NULL,True,14179520
PowerShell,xAdcsDeployment,NULL,True,18841988
toastdriven,pysolr,NULL,True,69454
starknx,rails,1334,True,72941738
GawainLynch,bolt,3213204,False,7443729
McJty,DeepResonance,NULL,True,22045127
fcrespo82,atom-markdown-table-formatter,NULL,True,12220252
Arcanemagus,atom,9626183,True,27541698
geogolem,Radarr,54509469,True,56202251
ubuntu,conjure-up,NULL,True,36764281
j-bennet,homebrew-core,32902832,True,51345427
FTBZ,librenms,6103078,True,45399190
lildude,phpZenfolio,NULL,True,1571803
DomT4,homebrew-core,32902832,True,34444383
react-native-sensors,react-native-sensors,NULL,True,53603697
mvitz,homebrew-core,32902832,True,62883989
rpottsoh,xpascal,47429306,True,47473749
pchaigno,licensee,11435736,True,22085774
nelson6e65,php_nml,NULL,True,15109304
pmviva,mention_system,NULL,True,12345305
vcidst,vcidst.github.io,NULL,True,10821613
amyrebecca,Panoptes-Front-End,10009967,True,29114783
jrajahalme,envoy,45769443,True,66836304
michel-kraemer,bson4jackson,NULL,True,36010
Adikteev,Prebid.js,22050458,True,64592831
konqui,brew,33135287,True,35135313
LIISim,liisim.github.io,NULL,True,74585595
blacktop,go-malice,NULL,True,30105679
gorilla,csrf,NULL,True,22050176
browniebroke,django-tinymce4-widget,32752113,True,41601116
cesarferreira,drone,NULL,True,70700522
ShreyasSinha,phpmyadmin,24444,True,54587689
instagrambot,instabot,NULL,True,58385775
rimusz,helm-charts,NULL,True,31942763
betesh,rails,1334,True,996666
rafaelfranca,omg-rails,1334,True,10364184
tkerola,chainer,20907289,True,56142587
Jasig,inspektr,29165,True,20593959
bazzite,nativescript-vibrate,NULL,True,65378629
gorilla,handlers,NULL,True,2472535
ssbc,examples,NULL,True,28544408
mingaldrichgan,gatsby,21426700,True,72844365
AlienWiiBF,betaflight,28138276,True,31453248
auth0-extensions,auth0-source-control-extension-tools,NULL,True,45167438
feathersjs,feathers-memory,NULL,True,9140824
ESS-LLP,erpnext,7976200,True,33745715
anish,buildbot,23052,True,11688810
anarchicknight,nativescript-vibrate,NULL,True,18656563
AirLoft,minimal-mistakes,3828093,True,72269542
iamxiaoma,Framework7,8160874,True,28546914
jainishshah17,charts,33846255,True,48709976
goern,mattermost-openshift,NULL,True,34526624
ScriptonBasestar-Lib,sb-tool-jvm,NULL,True,73820208
SilentChaos512,SilentGems,NULL,True,8470004
SoneeJohn,WWDC,18997285,True,38884574
covers1624,MinecraftForge,1842,True,32945077
atom,atom,NULL,True,9626183
SilentChaos512,ScalingHealth,NULL,True,41967651
exponentjs,react-native,17991525,True,20634139
klen,python-mode,NULL,True,4742
stevenschobert,instafeed.js,NULL,True,1412374
adityahase,frappe,7975648,True,70280759
the-Hull,page,3828093,True,53467318
IntellectualCrafters,PlotSquared,NULL,True,12931754
ssbc,marked,24874352,True,24874348
PlagueHO,xAdcsDeployment,18841988,True,25884580
feathersjs,feathers-rethinkdb,NULL,True,28294365
vincentriemer,io-808,NULL,True,38880792
palxex,brew,33135287,True,50949191
ssbc,patchbay,NULL,True,51459647
chainer,chainer,NULL,True,66121911
dudok,dudok.github.io,NULL,True,78567345
sorrel,minimal-mistakes,3828093,True,58005614
hvy,chainer,20907289,True,33378972
raymondnijssen,QGIS,5389187,True,7576715
MysteriumNetwork,node,NULL,True,55714504
Khaledgarbaya,gatsby,21426700,True,67905803
dsworkshop,WDS2018,11667844,True,78417057
ilovezfs,brew,33135287,True,34433291
spike-lab,spike-lab.github.io,NULL,True,77297099
gangodu,homebrew-core,32902832,True,45930024
exercism,xperl5,NULL,True,8269935
cdlewis,react-native,17991525,True,38991411
nnadeau,pybotics,NULL,True,44441986
node-serialport,node-serialport,NULL,True,78573334
tomarch,librenms,6103078,True,75588414
checkr,codeflow,NULL,True,62376899
bilson,betaflight-configurator,38830614,True,40675132
PowerShell,xCredSSP,NULL,True,18842667
ssbc,secure-scuttlebutt,NULL,True,14000949
nwautomator,librenms,6116229,True,18781657
rodrigc,buildbot,23052,True,44240943
wolfthefallen,king-phisher,7230307,True,22539338
FabioRosado,opsdroid,42171106,True,73758539
ghtmtt,QGIS,5389187,True,6502577
kura,hauntr,NULL,True,10198057
ZoneMinder,ZoneMinder,NULL,True,3377196
ngpestelos,rails,1334,True,5727557
knithinc,azure-quickstart-templates,19189656,True,27834042
Mozan,Sylius,174642,True,31427030
tduehr,cas,9459,True,24993603
WoLpH,numpy-stl,NULL,True,12658294
raphael,goa,NULL,True,22250159
KevinKelley,KevinKelley.github.io,NULL,True,6660562
apache,incubator-airflow,NULL,True,34870181
pathawks,jekyll-commonmark,NULL,True,30140624
aren55555,homebrew-core,32902832,True,34996788
lem9,weblate,54581,True,387159
lchrusciel,Sylius,174642,True,14839963
kura,pelican_vimeo,NULL,True,4983402
exercism,xlua,NULL,True,9999951
nozzle,react-static,NULL,True,75898599
serverspec,serverspec,NULL,True,4290149
matthew-dean,less.js,4234273,True,7214032
SebastianM,angular-google-maps,NULL,True,61912688
clostra,dcdn,NULL,True,57636692
niboshi,chainer,20907289,True,56357040
madhawap,carbon-device-mgt,16105165,True,36735466
request,request,NULL,True,12911997
vitorgalvao,brew,33135287,True,53632941
tejasbubane,exercism.io,6146926,False,15291857
BenAtWide,benatwide.github.io,3828093,True,68217670
joonyou,rails,1334,True,2523603
AlexxNica,atom,9626183,True,56514189
buildbot,buildbot,NULL,True,23052
jeking3,thrift,13127,True,18265011
auth0,auth0-logs-to-loggly,NULL,True,32709662
howdyai,botkit,NULL,True,29812475
mssola,Portus,18722109,True,19172181
wso2-dev,product-device-cloud,NULL,True,19928396
humminglab,humminglab.github.io,NULL,False,74044017
neilLasrado,frappe,7975648,True,12674096
maicher,rails,1334,False,58773612
PowerShell,xPendingReboot,NULL,True,18842688
karthikrajkumar,karthikrajkumar.github.io,9409249,True,76609720
micheloosterhof,micheloosterhof.github.io,3828093,True,10937133
apereo,cas,NULL,True,36544019
p0vidl0,sequelize,2989453,True,72140169
GSadee,Sylius,174642,True,24173633
Splaxi,dbatools,26311060,True,43855033
samvera,hyrax,NULL,True,66828187
nicolaiarocci,eve-swagger,NULL,True,26762198
timedreamer,timedreamer.github.io,NULL,True,76015559
pblottiere,QGIS,5389187,True,33060329
exercism,xruby,NULL,True,8258046
apollographql,react-apollo,NULL,True,56031945
sapcc,kubernikus,NULL,True,76864420
krbeverx,Firmware,34957,True,40383137
DemonWav,MinecraftDev,NULL,True,46143169
Catel,Catel.Fody,NULL,True,3481246
FinalDes,homebrew-core,32902832,False,46102585
PsiXdev,sequelize,2989453,True,77280394
icyrockcom,xpurescript,40478228,True,58808315
mezz,JustEnoughItems,NULL,True,12179074
oesteban,fmriprep,44502647,True,44510652
mroderick,Sinon.JS,25866253,True,2041793
pvalena,rails,1334,True,44771567
Samfox2,homebridge-videodoorbell,NULL,True,77747939
bhummerstone,azure-quickstart-templates,19189656,True,37645579
mukeshsolanki,country-picker-android,NULL,True,36564100
nolimits4web,Framework7,NULL,True,8160874
ssbc,packet-stream,NULL,True,20678631
L1Q,ShareX,5684037,True,29374314
angular-ui,ng-grid,NULL,True,1665150
flanger001,rails,1334,True,63188878
PowerShell,xRemoteDesktopAdmin,NULL,True,18842684
mistercrunch,airflow,20886510,True,12670941
PX4,Firmware,NULL,True,34957
kwshimhyunbo,kwshimhyunbo.github.io,9409249,True,76439090
onlyjob,ZoneMinder,3377196,True,18096985
viddo,recent-files-fuzzy-finder,NULL,True,17211174
clarkbw,jest-localstorage-mock,NULL,True,64139135
mikeringrose,sequelize,2989453,True,19816482
kura,ghastly,NULL,True,9969883
raulriera,TextFieldEffects,NULL,True,15435558
xCss,Valine,NULL,True,71240067
paramaggarwal,react-dropzone,NULL,True,12188878
prathamesh-sonpatki,rails,1334,True,664051
yieldbot,Prebid.js,22050458,True,25202940
yawboakye,rails,1334,True,2558432
seankelly,buildbot,23052,True,2838300
Daltron,NotificationBanner,NULL,True,61015123
tonyg,homebrew,34394900,True,643791
strongloop,loopback-faq-user-management,NULL,True,13618982
charithag,carbon-device-mgt,16105165,True,21619501
holiman,go-ethereum,7115486,True,48316652
ropensci,screencasts,NULL,True,6572138
katekyan,tldr,9286541,True,73516143
getinsomnia,insomnia,NULL,True,63935655
giulio92,GLExtendedWebView,NULL,True,71620112
PowerShell,xDismFeature,NULL,True,18842673
fszlin,certes,NULL,True,40097564
straxhaber,homebrew-core,32902832,False,41493804
cblecker,homebrew-core,32902832,True,43874441
LanikSJ,ubo-filters,NULL,True,57481344
dowjones,react-dropdown-tree-select,NULL,True,65115966
bdolor,pressbooks,3230576,True,3240743
PowerShell,xFirefox,NULL,True,18842699
jose,jose.github.io,3828093,True,5898195
jelliotartz,Panoptes-Front-End,10009967,True,63907130
alexanderepstein,Bash-Snippets,NULL,True,68144822
Moya,Moya,NULL,True,22059069
Joypricecorp,Sylius,174642,True,8931057
spotify,luigi,NULL,True,896266
moderndeveloperllc,homebrew-core,32902832,False,51755163
adrianmiriuta,betaflight,38829050,True,66421056
onezoomin,atom-textual-velocity,31805863,True,63654487
spotify,docker-maven-plugin,NULL,True,10477698
iemejia,incubator-beam,31691080,True,36937556
PowerShell,xDhcpServer,NULL,True,18842678
BillyBlaze,OctoPrint-TouchUI,NULL,True,26156043
Sunday4,SVProgressHUD,,True,
monterail,vue-multiselect,NULL,True,37501042
cucumber,cucumber-ruby,NULL,True,21450415
pseudocody,brew,33135287,True,76480099
jeremy,rails,1334,True,1464419
wiad,librenms,6103078,True,31061800
pages-themes,slate,NULL,True,53048792
PlagueHO,DscResources,18840935,True,29283668
Wsiegenthaler,sequelize,2989453,True,52427660
matrinox,rails,1334,True,69426129
nteract,composition,NULL,True,21326520
kylebyerly-hp,grommet,27397799,True,24177723
eileencodes,rails,1334,True,8798565
campbeb,ShareX,5684037,True,33045407
feathersjs,feathers-sequelize,NULL,True,28657360
agrc,agrc.github.io,NULL,True,33999492
ImproveDigital,Prebid.js,22050458,True,38824278
LinioIT,queue,NULL,True,17606509
velo,docker-maven-plugin,10477698,True,22721873
zyedidia,homebrew-core,32902832,True,45363849
michaelgeorgeattard,webtorrent-desktop,62384170,True,78560457
hanystudy,rails,1334,True,30633728
yahonda,oracle-enhanced,5955,True,5962
t9md,atom,9626183,True,22051215
xlymian,rails,1334,True,37924814
HuddledMasses,Prebid.js,22050458,True,60870020
Sen-Zhang,rails,1334,True,28638173
bortek,EZ-WifiBroadcast,NULL,True,41584847
data-science-lab,data-science-lab.github.io,9409249,True,26311860
lildude,phpSmug,NULL,True,258564
electrowizard,electrowizard.github.io,NULL,False,24298233
framework7io,Framework7,NULL,True,74685783
ktnyt,chainer,20907289,True,21063431
wix,react-native-navigation,NULL,True,33456486
obiba,jennite,NULL,True,58489291
pathawks,Jekyll-CMark,NULL,True,30142340
AndersHoglund,betaflight,28138276,True,30002828
RasaHQ,rasa_core,NULL,True,76459433
alyssais,brew,33135287,True,47103715
stoelzle,pdfify-node,NULL,True,65593543
codl,forget,NULL,True,71217369
cherrypy,cheroot,NULL,True,7832516
praveenkumar,minishift,49794998,True,50156242
Laravel-Backpack,crud,NULL,True,27275189
SuPair,SVProgressHUD,,True,
koic,rails,1334,True,8167586
express-labs,pure-react-carousel,NULL,True,67766726
python-mode,python-mode,4742,True,52712331
murrant,librenms,6103078,True,28772490
martincostello,credit-card-splitter,NULL,True,71388405
xt0rted,Nancy.Validation.DataAnnotations.Extensions,NULL,True,14942230
bytepark,snipe-it,6401040,True,63329474
boneskull,mocha,12752196,True,10792215
standard,standard,NULL,True,67807438
coreos,clair,NULL,True,28774507
obiba,mica2,NULL,True,14767808
xjy2061,NovaImageLoader,18004957,True,24856084
kura,kura.io,NULL,True,4481532
zooniverse,Panoptes-Front-End,NULL,True,10009967
PlagueHO,cDFS,NULL,True,27206961
poooi,poi,NULL,True,22042812
SlvrEagle23,AzuraCast,NULL,True,35971652
meetfranz,franz,NULL,True,68318682
ESS-LLP,erpnext-medical,7976200,True,60366944
facebookincubator,create-react-app,NULL,True,41857480
nandub,hubot,496,True,6742505
exercism,python,NULL,True,67498104
feathersjs,feathers-batch,NULL,True,20077737
naver,pinpoint,NULL,True,14897549
auth0-extensions,auth0-authentication-api-debugger-extension,NULL,True,52866937
brownharryb,erpnext,43861751,True,44123572
probot,probot,NULL,True,59442440
Bhullnatik,react-native,17991525,True,26236192
cjohansen,Sinon.JS,NULL,True,10559
travisofthenorth,rails,1334,True,55272026
fvioz,homebrew-core,34429321,True,65184984
poldracklab,fmriprep,NULL,True,44502647
fabianoleittes,rails,1334,True,1460461
battlemidget,homebrew-core,32902832,True,60297991
estahn,phpunit-json-assertions,NULL,True,33095534
kazoompa,opal,1443919,True,1443920
spotify,docker-client,NULL,True,10042485
feathersjs,feathers-localstorage,NULL,True,32569456
PowerShell,xChrome,NULL,True,18842665
foresthz,less.js,,True,
martincostello,adventofcode,NULL,True,29202780
lemzwerg,homebrew-core,32902832,True,51652787
mweb,python,67498104,True,77389778
Linuxbrew,homebrew-core,NULL,True,33102137
betaflight,betaflight-configurator,12404014,True,38830614
borisbstyle,betaflight,12190410,True,28138276
gho-ramos,GRTextField,NULL,True,70498098
scboucher,hubot,496,True,12886910
AdrianV,Framework7,8160874,True,25671073
agrc,gis.utah.gov,NULL,True,49384067
bkimminich,juice-shop,NULL,True,11955645
mizzy,serverspec,NULL,True,3214943
averissimo,yakyak,20779969,True,40219156
mizzy,specinfra,NULL,True,6649771
exercism,xelisp,NULL,True,20901973
kura,pelican_youtube,NULL,True,5069099
hypothesis,bouncer,NULL,True,32385452
slash3b,tldr,9286541,True,31612444
yakyak,yakyak,NULL,True,20779969
FIT-CSE2410-A-Bombs,atom,9626183,True,74718710
bcg62,homebrew-core,32902832,True,59348509
luzpaz,QGIS,5389187,True,51883531
mauron85,cordova-plugin-background-geolocation,5491958,True,16896056
snipe,snipe-it,NULL,True,6401040
manddar,manddar.github.io,NULL,True,27587369
thomasjo,atom-latex,NULL,True,8406043
Homebrew,patches,NULL,True,25843222
lembacon,homebrew-core,32902832,True,39886766
mach0,QGIS,5389187,True,5412505
luin,ioredis,NULL,True,18257960
caarlos0,antibody,NULL,True,20894744
krystalcampioni,vue-hotel-datepicker,NULL,True,68278917
jmsundar,brew,33135287,True,78601249
ronekko,chainer,20907289,True,26087641
yamitcar,atc-onlinesubmin201718,NULL,True,78823013
madappstechnologies,country-picker-android,NULL,True,56361080
jlnrd,jlnrd.github.io,NULL,True,74195791
olafbuitelaar,Prebid.js,22050458,True,41456891
anbox,anbox,NULL,True,37869230
chrisfinazzo,homebrew-core,32902832,True,37083272
diimpp,Sylius,174642,True,6517637
DelazJ,QGIS,5389187,True,11389411
Mozharovsky,CVCalendar,NULL,True,14062192
PhinCo,sequelize,2989453,True,31331819
PowerShell,xCertificate,NULL,True,21301495
cesarsolorzano,apollo-client,56000796,True,59194546
sequelize,sequelize,NULL,True,2989453
rkashapov,buildbot,23052,True,40363696
frappe,erpnext,NULL,True,7976200
rwhogg,homebrew-core,33102137,True,35816254
SyliusBot,Sylius,174642,True,7915781
apache,thrift,NULL,True,13127
keisuke-umezawa,chainer,20907289,True,55315138
okuta,chainer,20907289,True,21006002
rgbkrk,nteract,32030755,True,32034764
conjure-up,conjure-up,NULL,True,42170667
stoe,alfred-github-tools,NULL,True,59314184
Cheaterman,kivy,7537,True,22162268
phenyard,phenyard.github.io,NULL,True,46609021
Catel,Catel.Benchmarks,NULL,True,19608178
bkeepers,dotenv,NULL,True,19185
gseidel,Sylius,174642,True,26960180
jpadilla,ember-simple-auth-token,NULL,True,12577718
splashofcrimson,python,67498104,True,74988404
benbalter,github-records-archiver,NULL,True,30714824
RxSwiftCommunity,RxOptional,NULL,True,32429197
ardeshirj,atom,9626183,True,12489561
marklocklear,rails,1334,True,19046953
hexojs,hexo,NULL,True,10390278
aw1621107,brew,33135287,True,45693525
cucumber,cucumber,NULL,True,1678
zeroSteiner,king-phisher-plugins,35976900,True,41276561
karoldvl,EARS,NULL,True,63622721
wordpress-mobile,WordPress-Android,NULL,True,2398573
fatso83,Sinon.JS,25866253,True,24911816
Phizho,tldr,9286541,True,74290319
frankbu,istio,51981313,True,54687275
filcab,homebrew-core,32902832,True,46897075
eng1nerd,hacker,52875783,True,61319836
mbernasocchi,QGIS,5389187,True,5461187
AzuraCast,AzuraCast,NULL,True,63478216
PWyrembak,Prebid.js,22050458,True,72167216
exercism,xpony,NULL,True,22203622
jaredpalmer,formik,NULL,True,67223086
typo3-themes,theme_bootstrap_restart,NULL,True,22031209
crshnburn,zosconnect-node,25644438,True,25644531
jremond,coredns,57799793,True,66100990
opsdroid,opsdroid,NULL,True,42171106
coredns,coredns,NULL,True,57799793
hubotio,hubot,NULL,True,67018911
kadirahq,react-storybook,NULL,True,33843581
jdorfman,Awesome-JSON-Datasets,NULL,True,23663398
kura,pelican-githubprojects,NULL,True,11156113
dmeltzer,snipe-it,6401040,True,30170788
nabrond,xSQLServer,18842702,True,43810099
ericmjl,Network-Analysis-Made-Simple,NULL,True,14523686
bigbes,homebrew-core,32902832,True,35884388
gildub,fog-core,7776465,True,34209068
jdugge,QGIS,5389187,True,5422039
RakanNimer,react-google-charts,NULL,True,20978746
brycedjohnson,betaflight,38829050,True,55862233
cucumber,aruba,NULL,True,43173
ssbc,patchcore,NULL,True,56918337
seunghwanyeo,seunghwanyeo.github.io,9409249,True,23413240
stevenhva,blog,3828093,True,75883697
brucesdad13,betaflight,53725950,True,60356202
fogbeam,cas_mirror,NULL,True,25158571
rwhogg,brew,35256269,True,36270112
3sidedcube,react-native-navigation,33456486,True,36595656
Srizzle,Srizzle.github.io,NULL,False,76160737
kavehkamali,kavehkamali.github.io,NULL,False,76232571
benbalter,gman,NULL,True,5119076
aguang,aguang.github.io,9409249,True,18109680
kc10kevin,betaflight,NULL,True,31913046
s1rius,fresco,18004957,True,20491998
nfarina,homebridge,NULL,True,13694299
terrycain,razer-drivers,30911815,True,44192318
Xylus,pinpoint,14897549,True,14897950
jitsi,jitsi-meet,6959793,True,8935047
smessmer,homebrew-core,32902832,True,70128428
pmviva,follow_system,NULL,True,12345236
palkan,rails,1334,True,15798518
electron,electron,NULL,True,34452887
sunbinzhu,azure-quickstart-templates,19189656,True,19934720
samuell,luigi,896266,True,6997997
hoastoolshop,react-native,17991525,True,28975649
viode,viode,NULL,True,18172625
bingosummer,azure-quickstart-templates,19189656,True,19313537
repinel,rails,1334,True,2494758
costanzo,costanzo.github.io,NULL,True,53309380
thomsonreuters,electron,34452887,True,38183483
thedaviddias,Front-End-Checklist,NULL,True,77717274
yahonda,ruby-plsql,325226,True,325244
Americas,sequelize,2989453,True,18138780
BelieveC,classroom,19634548,True,57343229
MikeMcQuaid,brew,33135287,True,34395756
obiba,magma,NULL,True,1882858
walbarello,walbarello.github.io,NULL,True,11167907
RicardoJohann,frappe,13467446,True,30193835
pages-themes,cayman,NULL,True,52740842
hypothesis,browser-extension,NULL,True,41697948
vintagesucks,caddy-script,NULL,True,40610253
UncommonPleb,tldr,9286541,True,73963342
feross,webtorrent,NULL,True,5800439
mmistakes,jekyll-theme-basically-basic,NULL,True,59075169
Rawphs,wetland,40902725,True,47992201
adaitche,luigi,896266,True,59070034
LinioIT,util,NULL,True,17543630
kazoompa,mica2,14767808,True,19657603
tardyp,buildbot,23052,True,26432
yeriomin,YalpStore,NULL,True,53394047
utilum,rails,1334,True,34355975
LeiBinglin,BinglinEE,NULL,False,78307441
Aceheliflyer,Ace-Bot,NULL,True,53351528
outsideris,mocha,12752196,True,24168252
PowerShell,xSCDPM,NULL,True,18842698
NeimadTL,ruby,67498126,True,72845735
xia2,workflows,NULL,True,48187164
CCob,bittrex4j,NULL,True,78972870
mcallari,Prebid.js,22050458,True,76874235
zosconnect,zosconnect-node,NULL,True,25644438
kurkomisi,go-ethereum,7115486,True,68822183
JohnnyEstilles,mocha,12752196,True,17325955
kura,blackhole,NULL,True,812044
laf,librenms,6103078,True,6744884
mcavage,node-restify,NULL,True,5483
ilovezfs,homebrew-core,32902832,True,34429321
rundeck,rundeck-cli,NULL,True,38057203
PowerShell,xMySql,NULL,True,18842687
lyft,envoy,NULL,True,45769443
xt0rted,Raygun.Owin,NULL,True,9575550
DataDog,integrations-core,NULL,True,38234894
fog,fog,NULL,True,2093
sekikn,incubator-airflow,34870181,True,37297660
jtigger,xjava,8270843,True,20620234
foursquare,luigi,896266,True,4024721
SrNetoChan,QGIS,5389187,True,43502982
loic425,Sylius,174642,True,31461477
andyliuliming,azure-quickstart-templates,19189656,True,27385349
PlagueHO,DscResource.Tests,18535455,True,28336236
flounderscore,inav,30387321,True,52429694
reitermarkus,brew,33135287,True,43811519
exponent,react-native,17991525,True,53335805
jcwalker,xSecedit,NULL,True,31667501
mailcow,mailcow-dockerized,52654775,True,56752640
brpc,brpc,NULL,True,74342903
meek0,agate,9860525,False,36969495
euvl,vue-js-modal,NULL,True,59327072
0x80,gatsby,21426700,True,62736940
CVCalendar,CVCalendar,NULL,True,57597012
NARKOZ,gitlab,NULL,True,913115
PowerShell,xDscDiagnostics,NULL,True,18842672
andris9,Nodemailer,NULL,True,21354
jasonmit,ember-intl,NULL,True,34148682
tldr-pages,tldr,NULL,True,9286541
mweststrate,mobx-state-tree,NULL,True,45064533
vkbansal,react-contextmenu,NULL,True,20118699
JourneyOver,chocolatey-packages,43964194,True,70854530
LinioIT,cache,NULL,True,17526830
exercism,xelm,NULL,True,25125181
pmviva,like_system,NULL,True,12345044
kmayer,rails,1334,True,62582985
bfontaine,brew,33135287,True,34566308
mvz,aruba,43173,True,440507
sanex3339,javascript-obfuscator,NULL,True,36587738
samphilipd,rails,1334,True,28105126
jaehong-kim,pinpoint,14897549,True,14903396
ivan-nginx,hexo-theme-next,13696924,True,44390653
decaffeinate-examples,atom,9626183,True,55917693
luke2237,oracle-enhanced,5955,True,72410785
iNavFlight,inav,12190410,True,30387321
uyjulian,homebrew-core,32902832,True,35111122
adam-moss,homebrew-core,32902832,True,50798120
asnaedae,asnaedae.github.io,NULL,True,3844237
webtorrent,webtorrent-desktop,NULL,True,62384170
benbalter,word-to-markdown,NULL,True,8757133
cuiyanwen,cuiyanwen.github.io,NULL,True,78581912
s0ph1e,node-website-scraper,NULL,True,11618716
sbesson,PyGithub,16999311,True,5303353
phpmyadmin,motranslator,NULL,True,32574687
kirs,rails-1,1334,False,5060914
WeblateOrg,docker,NULL,True,40907100
frappe,frappe,NULL,True,7975648
pqkluan,react-native-navigation,33456486,True,71690079
deanoemcke,thegreatsuspender,NULL,True,779355
exercism,xecmascript,NULL,True,9859721
pditommaso,homebrew-science,230961,False,10652046
printercu,rails,1334,True,1872738
stoe,atom-markdown-wrapper,NULL,True,42653282
MSSedusch,azure-quickstart-templates,19189656,True,32260419
ShareX,CustomUploaders,NULL,True,22467036
getamis,go-ethereum,7115486,True,61941163
Fody,LoadAssembliesOnStartup,NULL,True,9618030
Niksok,Prebid.js,22050458,True,42740493
robmarkoski,robmarkoski.github.io,NULL,True,9805122
karoldvl,echonet,NULL,True,48393524
testcontainers,testcontainers-java,NULL,True,22045242
PlagueHO,cWSMan,NULL,True,26887439
betaflight,betaflight-tx-lua-scripts,NULL,True,55632649
kevinashworth,kevinashworth.github.io,3828093,False,76116389
ptmt,react-native-desktop,NULL,True,26784969
ATLauncher,style-guide,NULL,True,61203489
ssbc,ssb-blobs,NULL,True,34799819
fk,gatsby,21426700,True,45377556
mahori,brew,33135287,True,39325024
SaaldjorMike,librenms,6116229,True,15129356
guillaume-sticky,Prebid.js,22050458,True,54116938
liuderchi,atom,9626183,True,48293093
ruwany,carbon-device-mgt,16105165,True,25071528
pmisik,buildbot,23052,True,59165674
connortechnology,ZoneMinder,3377196,True,2536589
viddo,atom-textual-velocity,NULL,True,31805863
yahoo,ember-intl,NULL,True,15685037
EmmaB,rails-1,1334,True,69654605
andyw8,techradar,42254,True,4883398
hamidfzm,Flask-HTMLmin,NULL,True,16244585
gcourtemanche,rails,38889925,True,70775089
yahonda,rails,1334,True,74829
wobh,xlisp,8270771,True,13585712
reelsense,brew,33135287,True,34854240
giulio92,GLTableCollectionView,NULL,True,51470310
dpshelio,sunpy,418,True,48318
CHEF-KOCH,NoScript-Whitelist,NULL,True,28058411
Mokolea,atom,9626183,True,27274780
akiran,react-slick,NULL,True,13770884
erickrdch,grunt-string-replace,NULL,True,1947262
ssbc,ssb-config,NULL,True,16000389
goreleaser,releaser,NULL,True,53272595
kevinlee12,oppia,22103199,True,24180944
jvillard,homebrew-core,32902832,True,42024541
LinioIT,tortilla,NULL,True,22555950
pchaigno,linguist,24397,True,7717106
olivierdalang,QGIS,5389187,True,15197767
mstahv,framework,52012068,True,53558354
dwinter,minimal-mistakes,3828093,True,84022949
pouchdb,pouchdb,NULL,True,8932041
PowerShell,xBitlocker,NULL,True,18842664
Misterhex,Misterhex.github.io,NULL,True,8007331
Erol,rails,1334,True,14506158
Kamidu,carbon-device-mgt-plugins,16105183,True,25797271
clappr,clappr,NULL,True,15578473
feathersjs,feathers-sync,NULL,True,31484369
picocms,Pico,NULL,True,8806873
InsaneSplash,librenms,6103078,True,54946322
LinioIT,rule-engine,NULL,True,26008739
McJty,XNet,NULL,True,32909021
NobbZ,xerlang,8270774,True,22184205
apereo,apereo.github.io,NULL,True,45333699
jacobtomlinson,opsdroid,42171106,True,42506555
deekim,tldr,9286541,True,49659786
No-Agenda,no-agenda.github.io,7163981,True,41682323
PeterPetrik,QGIS,5389187,True,31376074
exercism,xperl6,NULL,True,8281472
theseankelly,betaflight,38829050,True,57680618
DiamondLightSource,python-workflows,NULL,True,55792911
SoundBlaster,react-native,17991525,True,59663559
mochajs,mocha,NULL,True,12752196
huangchv,huangchv.github.io,3828093,True,74961078
fabrictech,gatsby,21426700,True,55798992
charlesccychen,incubator-beam,31691080,True,39449235
nuclear-wizard,moose,8635027,True,67139383
nlohmann,json,NULL,True,4489243
sfxcode,sfxcode.github.io,3828093,True,30280859
SkyHarp,LegendOfMountainSea,NULL,True,41938713
github,pages-gem,NULL,True,4894767
pages-themes,midnight,NULL,True,52692103
webdriverio,webdriverio,NULL,True,11036506
yjkim0083,yjkim0083.github.io,9409249,True,21354525
WormieCorp,Localization.AspNetCore.TagHelpers,NULL,True,48466261
phille97,phille97.github.io,NULL,True,9974238
joshghent,es6-fiddle-web,8016432,True,43341451
thomaspark,bootswatch,NULL,True,3070
merencia,node-cron,NULL,True,31770531
andyxhadji,incubator-airflow,34870181,True,77648888
dreampiggy,SDWebImage,8109,True,68381242
tony,libtmux,NULL,True,37409681
bolt,bolt,NULL,True,3213204
less,less.js,NULL,True,4234273
justwatchcom,gopass,NULL,True,56194735
cmusatyalab,openface,NULL,True,27406305
nijel,weblate-docker,NULL,True,24192773
techfort,LokiJS,NULL,True,4700528
CHEF-KOCH,ProjectX,NULL,True,24710976
makigumo,homebrew-core,32902832,True,35910628
indrekots,indrekots.github.io,NULL,True,10175180
ssbc,ssb-markdown,NULL,True,30732008
GeoDienstenCentrum,closure-compiler-maven-plugin,NULL,True,24947871
chdecultot,erpnext,7976200,True,59670372
adamliter,homebrew-core,32902832,True,38904308
philmargetts,philmargetts.github.io,NULL,False,78520806
rs,SDWebImage,NULL,True,8109
csirtgadgets,bearded-avenger-sdk-py,NULL,True,37205131
radosuav,QGIS,5389187,True,9818133
ashfurrow,Moya,NULL,True,11425319
lucasmazza,rails,1334,True,485277
cleanflight,cleanflight-configurator,NULL,True,12404014
rangadi,incubator-beam,31691080,True,35568642
pschambacher,rails,1334,True,31652283
okonet,react-dropzone,NULL,True,25002104
feross,webtorrent-app,NULL,True,30440431
feathersjs,feathers-mubsub,NULL,True,17377510
unitejs,core,NULL,True,65239597
martincostello,browserstack-automate,NULL,True,29768104
istio,istio,NULL,True,51981313
sinonjs,lolex,NULL,True,11052067
benbalter,jekyll-style-guide,NULL,True,32162485
TheFaR8,tldr,9286541,True,73194764
zulu-zsh,zulu,NULL,True,35205219
mtsmfm,railstest,NULL,True,25106170
cucumber,cucumber-jvm,NULL,True,48764
hasuniea,carbon-device-mgt-plugins,16105183,True,24063016
nijel,weblate,NULL,True,54581
voodootikigod,node-serialport,NULL,True,36032
Caged,d3-tip,NULL,True,427325
emotion-js,emotion,NULL,True,73611953
staabm,jquery-validation,2727,True,8812074
hammerandchisel,react-native,17991525,True,20319779
stephentuso,welcome-android,NULL,True,29124669
muellermartin,dist,33135287,True,51922287
bpicode,fritzctl,NULL,True,48629323
timlogemann,create-react-app,41857480,True,75445556
mattlewis92,angular2-calendar,NULL,True,35747227
equinusocio,vsc-material-theme,NULL,True,55600230
geeknoid,istio,51981313,True,58315021
mhbu50,erpnext,7976200,True,32277144
pdrados,cas,36544019,True,1311251
LalatenduMohanty,minishift,40699930,True,45744375
ankane,chartkick,NULL,True,3608201
rduivenvoorde,QGIS,5389187,True,30189809
SrNetoChan,Quantum-GIS,5389187,True,2853300
lasanthaDLPDS,carbon-device-mgt-plugins,16105183,True,57720943
benbalter,wp-document-revisions,NULL,True,203263
ssbc,muxrpc,NULL,True,14120303
pmviva,bookmark_system,NULL,True,12472655
mechanicles,rails,1334,True,7279986
PowerShell,xSQLServer,NULL,True,18842702
wso2,carbon-device-mgt,NULL,True,16105165
mijoharas,rails,1334,True,64895097
aabdnn,homebrew-core,32902832,True,36288750
dnoe,envoy,45769443,True,60218315
takekazuomi,azure-quickstart-templates,19189656,True,25490283
PlagueHO,cFSRM,NULL,True,26141981
ceolter,angular-grid,NULL,True,14434892
madhawap,product-iots,34315616,True,50757577
WeblateOrg,weblate,NULL,True,52574962
NaturalGIS,QGIS,5389187,True,16925955
restify,node-restify,NULL,True,20930939
johndowns,azure-quickstart-templates,19189656,True,41197316
oesteban,preprocessing-workflow,33212894,True,33359513
arunagw,rails,1334,True,71612
Homebrew,homebrew-command-not-found,NULL,True,22120514
hasuniea,product-iots,34315616,True,50825566
mattlewis92,angular-calendar,NULL,True,49977371
apis-is,apis,NULL,True,17016266
mvbattista,homebrew-core,32902832,True,57319003
auth0-extensions,auth0-github-deploy,NULL,True,39609623
obiba,onyx-instruments,NULL,True,26990166
GetStream,Winds,NULL,True,49324964
parkerl,xelixir,8266595,True,9788967
LinioIT,spreadsheet-parser,NULL,True,17541742
alevyinroc,dbatools,45786706,True,55273914
luispadron,UICircularProgressRing,NULL,True,45713744
nightwatchjs,nightwatch,NULL,True,21523609
bstopp,acs-aem-commons,5579922,True,7855598
venyii,Sylius,174642,True,50411080
pheinrichs,librenms,6103078,True,32031992
vladsol,librenms,6103078,True,43461602
VulcanJS,Vulcan,NULL,True,61746589
nissSK,Prebid.js,22050458,True,50841912
nandub,brew,33135287,True,35838058
optonaut,ActiveLabel.swift,NULL,True,25061304
PowerShell,xWindowsUpdate,NULL,True,18842707
PowerShell,xSharePoint,NULL,True,19403199
violetaria,violetaria.github.io,NULL,True,27738259
bfontaine,homebrew-core,32902832,True,35023213
behrtam,xpython,8267506,True,28449838
mienaikage,xperl6,8281472,True,49889656
yonjah,sequelize,2989453,True,13552132
PowerShell,xDSCResourceDesigner,NULL,True,18842671
andreipitis,ASPCircleChart,NULL,True,39331594
indexexchange,Prebid.js,22050458,True,33077636
smalley,python,67498104,True,78495892
pages-themes,minimal,NULL,True,52703472
Semantic-Org,Semantic-UI,NULL,True,6611508
dkmansion,snipe-it,6401040,True,68147994
feathersjs,feathers-service-tests,NULL,True,27985337
stinsonga,atom,9626183,True,16371754
miekg,coredns,NULL,True,33725039
lukecwik,incubator-beam,31691080,True,33082438
ATLauncher,Backend-NEXT,NULL,True,44401050
LinuxbrewTestBot,homebrew-core,33102137,True,35795769
aloisklink,aloisklink.github.io,NULL,True,49593159
bradleypriest,rails,1334,True,7261674
goadesign,goa,NULL,True,31173450
vuematerial,vue-material,NULL,True,51321031
gatsbyjs,gatsby,NULL,True,21426700
cerner,beadledom,NULL,True,54762602
feathersjs,feathers-mongoose,NULL,True,9156685
heuermh,homebrew-science,230961,True,5223201
mienaikage,exercism-perl6,67498043,True,67640385
bkeepers,PRobot,NULL,True,47734859
akosel,incubator-airflow,34870181,True,67244236
mcollina,fastify,NULL,True,47779043
martincostello,sqllocaldb,NULL,True,9986687
wangjordy,wangjordy.github.io,NULL,True,8125341
feathersjs,feathers-knex,NULL,True,27969106
lagonix,librenms,6103078,True,27644275
m4l1c3,juice-shop,11955645,True,54020719
PowerShell,xWebAdministration,NULL,True,18842708
esfiddle,esfiddle,8016432,True,54763038
exercism,xpascal,NULL,True,47429306
SabotagePerformanceAppraisals,seattle-scrum,3828093,True,76912725
choojs,bankai,NULL,True,68866018
washingtonstateuniversity,wp-document-revisions,203263,True,16312110
rasika,carbon-device-mgt,16105165,True,42640272
oesteban,mriqc,9481438,True,30506201
l2isbad,netdata,27478957,True,53097707
MRECoelho,MRECoelho.github.io,9409249,True,69973997
PubWise,Prebid.js,22050458,True,63099987
jabenninghoff,homebrew-core,32902832,True,49491209
maxim-belkin,homebrew-core,33102137,True,37431766
msiemens,tinydb,NULL,True,4479974
borysiasty,QGIS,5389187,True,5930372
kenguest,phing,15241,True,311931
RyanMilstead1,website,3828093,True,63742887
yalab,rails,1334,True,113487
rosekaron,rosekaron.github.io,NULL,True,20220667
leleuj,cas,36544019,True,9473
awslabs,aws-sdk-ios-samples,NULL,True,5266714
auth0-extensions,auth0-box-platform-extension,NULL,True,53427977
dawson-org,dawson-cli,NULL,True,51389565
kalxas,QGIS,5389187,True,6706802
LinioIT,ParameterHandler,1397083,True,22495935
PowerShell,xPhp,NULL,True,18842680
charithag,carbon-device-mgt-plugins,16105183,True,21619520
verdammelt,xlisp,8270771,True,12907648
stoelzle,pdfify-alfred,NULL,True,65593756
anthonyfok,hugo,4369063,True,11670112
javascript-obfuscator,javascript-obfuscator,NULL,True,49043555
wysiwygjs,wysiwyg.js,NULL,True,13891017
Homebrew,homebrew-services,NULL,True,19137363
PowerShell,xWindowsRestore,NULL,True,18842703
tbsexton,tbsexton.github.io,NULL,True,39764401
ljvmiranda921,pyswarms,NULL,True,69387740
PowerShell,xSCVMM,NULL,True,18842696
mattie47,librenms,6103078,True,71465407
hoverduck,mocha,12752196,True,35740227
apollostack,react-apollo,NULL,True,35126995
rossta,rails,1334,True,12379465
Eugeny,terminus,NULL,True,62170913
McJty,RFToolsDimensions,NULL,True,30871083
KeyWeeUsr,kivy,7537,True,25104125
bkimminich,z85-cli,NULL,True,13755982
ParsePlatform,Parse-SDK-iOS-OSX,NULL,True,22099034
mhendric,xExchange,18842675,True,18850076
bkimminich,juice-shop-ctf,NULL,True,51927406
PowerShell,DscResource.Tests,NULL,True,18535455
dresden-elektronik,deconz-rest-plugin,NULL,True,4681657
soscripted,sox,NULL,True,31991305
passerbyid,homebrew-core,32902832,True,57931603
node-nock,nock,NULL,True,33603227
grimurd,sequelize,2989453,False,59693850
martincostello,alexa-london-travel-site,NULL,True,58847604
danielcaldas,react-d3-graph,NULL,True,63274309
Nierrrrrrr,blog,3828093,True,74577997
allevin,PyGithub,16999311,True,29357565
excon,excon.github.io,NULL,True,10349829
ii,coredns,57799793,True,66493149
goreleaser,goreleaser,NULL,True,54832251
awslabs,aws-sdk-android-samples,NULL,True,5019586
serverspec,specinfra,NULL,True,6718190
crcro,librenms,6103078,True,40796734
jegger,kivy,7537,True,1011757
leelynd,tapohuck,NULL,False,74124271
FogPress,docker-alpine,NULL,True,73808657
dwadler,QGIS,5389187,True,31513490
tangming2008,tangming2008.github.io,NULL,True,75268637
pola88,sequelize,2989453,True,9375006
scepticulous,rack-test,36376,True,32870527
dev4223,ondata,3828093,True,60441118
feathersjs,feathers-logger,NULL,True,10123235
mati75,vimb,NULL,True,22302276
cesarferreira,alfi,NULL,True,17986459
gorilla,mux,NULL,True,1431249
felixonmars,tldr,9286541,True,8181239
nijel,wlc,NULL,True,33881910
theodelrieu,json,4489243,True,48221272
spaam,homebrew-core,32902832,True,36434407
pjedrzejewski,Sylius,174642,True,4410833
marcosmoura,vue-material,NULL,True,39458408
rasika,carbon-device-mgt-plugins,16105183,True,39997381
wuestholz,go-ethereum,7115486,True,53142778
sdorra,homebrew-core,32902832,True,39617929
justinmakaila,Moya,22059069,True,21717785
CHEF-KOCH,FFCK,NULL,True,38334982
cmouse,buildbot,23052,True,35122791
angular-ui,ui-grid,NULL,True,22044500
computology,dpl,5495407,True,13644550
kaspth,rails,1334,True,4014703
bionoid,kivy,7537,False,249116
lisb,hubot,496,True,24379752
rrenomeron,cas,9459,True,9316373
education,classroom,NULL,True,19634548
LinioIT,input,NULL,True,17541665
ciscoqid,librenms,6103078,True,25877799
serverdensity,sd-agent-core-plugins,NULL,True,70561044
jpadilla,ember-cli-simple-auth-token,NULL,True,11584707
JCount,brew,33135287,True,38908937
Moisan,homebrew-core,32902832,True,47493735
aonotas,chainer,20907289,True,48316795
apereo,inspektr,29165,True,36553164
feathersjs,feathers-mongodb,NULL,True,9140727
jaredpalmer,razzle,NULL,True,60381771
poldracklab,preprocessing-workflow,NULL,True,33212894
alecspopa,rails,1334,True,75362235
ToroCraft,Minecoprocessors,NULL,True,64029720
spotify,helios,NULL,True,10088234
rpottsoh,exercism-delphi,NULL,True,61866555
cesarferreira,dryrun,NULL,True,24256407
eventespresso,eea-payment-methods-pro,NULL,True,20557216
hassio-addons,build-env,NULL,True,74831092
sebsx,betaflight,38829050,True,54346954
savonrb,savon,NULL,True,832359
dagar,Firmware,34957,True,14353344
dikaiosune,react-native,17991525,False,59185443
iemejia,beam,53564232,True,53713206
wkentaro,chainer,20907289,True,28354848
securestate,king-phisher,NULL,True,7230307
tiagom62,snipe-it,6401040,True,45862774
GaryKeeble,betaflight,28138276,True,35221034
Radarr,Radarr,13032623,True,54509469
WildGums,Orc.Sort,NULL,True,17598531
betaflight,betaflight,12190410,True,38829050
brchristian,rails,NULL,True,31997534
dgoedkoop,QGIS,5389187,True,28494775
overlookmotel,sequelize,2989453,True,7524270
budhrg,minishift,40699930,True,40895818
grhawk,homebrew-core,32902832,True,78509589
dontnod,weblate,54581,True,43278080
elpaso,QGIS,5389187,True,7244255
wso2-incubator,product-device-cloud,NULL,True,24392888
Samfox2,homebridge-domotiga,NULL,True,28448136
Mirantis,virtlet,NULL,True,44029950
robertoschwald,cas,9459,True,1262225
auth0-extensions,auth0-extension-ui,NULL,True,46690714
react-dropzone,react-dropzone,NULL,True,72334037
tailingchen,go-ethereum,7115486,True,69568198
jaredpalmer,react-production-starter,NULL,True,32029462
PowerShell,xPSDesiredStateConfiguration,NULL,True,18842682
ssbc,ssb-feed,NULL,True,17791326
martindale,Semantic-UI,6611508,True,13643999
gauravtiwari,rails,1334,True,63603668
exercism,xerlang,NULL,True,8270774
gregory-nisbet,brew,33135287,True,36376078
PowerShell,xWebDeploy,NULL,True,18842706
SimenB,standard,15592045,True,22412612
tarampampam,nod32-update-mirror,NULL,True,10907424
mtucker6784,snipe-it,6401040,True,22033809
tgxworld,rails,1334,True,7711731
gossion,azure-quickstart-templates,19189656,True,38957119
pattern-lab,patternlab-node,NULL,True,6058597
PowerShell,xAzure,NULL,True,18842647
ceolter,ag-grid,NULL,True,25731069
iberianpig,fusuma,NULL,True,47406830
rackerlabs,django-DefectDojo,NULL,True,17905411
CatenaLogic,RepositoryCleaner,NULL,True,20022746
feathersjs,feathers-nedb,NULL,True,21088636
kura,eevee,NULL,True,38431521
mattlewis92,angular-bootstrap-calendar,NULL,True,12183251
PKRoma,atom,9626183,True,15941006
Zlash65,erpnext,7976200,True,68838965
anaruse,chainer,20907289,True,41658286
PowerShell,xNetworking,NULL,True,18842681
floatinglacier,mastercard-api-explorer,NULL,False,71942066
devopsdays,devopsdays-cli,NULL,True,75892869
kura,yarg,NULL,True,11263203
mhbu50,frappe,NULL,True,32288433
cucumber,cucumber-ruby-core,NULL,True,3968008
calt,Moya,22059069,True,53704378
exercism,xlisp,NULL,True,8270771
wolffaxn,homebrew-core,32902832,True,53005330
benbalter,jekyll-titles-from-headings,NULL,True,51247599
directus,directus,NULL,True,29105017
ixmid,snipe-it,6401040,True,76542733
git-lfs,homebrew-core,32902832,True,57318611
prakhar1989,react-tags,NULL,True,19695711
asiersarasua,QGIS,5389187,True,15893957
airsonic,airsonic,NULL,True,68535147
shiftkey,electron,34452887,True,49647328
rhalff,storybook,62379381,True,75274183
HewlettPackard,grommet,NULL,True,20766288
istio,envoy,74717642,True,77972362
fog,fog-core,NULL,True,7776465
PowerShell,xDnsServer,NULL,True,18842710
ktsaou,netdata,NULL,True,4126751
obiba,onyx,NULL,True,2295073
vlvkobal,netdata,27478957,True,51835925
andrewedstrom,andrewedstrom.github.io,NULL,True,72541826
telwertowski,QGIS,5389187,True,73321887
kuahyeow,homebrew-core,32902832,True,57367594
spf13,hugoThemes,NULL,True,9412844
baerjam,rails,1334,True,57689450
coliff,caniuse.email,NULL,True,35127578
emeroad,pinpoint,14897549,True,14988069
mlinksva,licensee,11435736,True,33628372
iNavFlight,LuaTelemetry,NULL,True,75473284
PlagueHO,xFSRM,NULL,True,30024310
webnicer,feathers-elasticsearch,55256690,True,55273108
teclivre,teclivre.github.io,13908388,True,63899227
havatv,QGIS,5389187,True,6286449
arendst,Sonoff-Tasmota,NULL,True,55877825
Verdier,sequelize,2989453,True,17170546
makaroniame,makaroniame.github.io,NULL,True,75831425
PowerShell,xJea,NULL,True,18842686
exercism,xelixir,NULL,True,8266595
koo-taejin,pinpoint,14897549,True,14994363
maxim-belkin,brew,35256269,True,37338000
konnecteam,sequelize,2989453,True,49808936
rsv1925,rsv1925.github.io,NULL,True,75374541
PowerShell,xSCSR,NULL,True,18842709
betaflight,docker-betaflight-build,NULL,True,50662940
saltstack,salt,NULL,True,1142
acfloria,Firmware,34957,True,72923105
dogo,SCLAlertView,NULL,True,12211595
markflyhigh,incubator-beam,31691080,True,39327245
strongloop,loopback-getting-started-intermediate,NULL,True,13965902
PowerShell,xSafeHarbor,NULL,True,18842722
jquery-validation,jquery-validation,NULL,True,55910400
spektom,incubator-airflow,34870181,True,42167225
zmwangx,brew,33135287,True,35842707
Kamidu,carbon-device-mgt,16105165,True,25797216
excon,excon,NULL,True,9894598
