PowerShell,xWordPress,https://github.com/PowerShell/xWordPress.git
paulcbetts,splat,https://github.com/paulcbetts/splat.git
nginx-shib,shibboleth-fastcgi,https://github.com/nginx-shib/shibboleth-fastcgi.git
khbrst,khbrst.github.io,https://github.com/khbrst/khbrst.github.io.git
jeffreydwalter,arlo,https://github.com/jeffreydwalter/arlo.git
storybooks,react-storybook,https://github.com/storybooks/react-storybook.git
PeptoneInc,dspp-keras,https://github.com/PeptoneInc/dspp-keras.git
PowerShell,xPowerShellExecutionPolicy,https://github.com/PowerShell/xPowerShellExecutionPolicy.git
csirtgadgets,bearded-avenger-deploymentkit,https://github.com/csirtgadgets/bearded-avenger-deploymentkit.git
stnava,ANTs,https://github.com/stnava/ANTs.git
schacon,ruby-git,https://github.com/schacon/ruby-git.git
AjuntamentdeBarcelona,decidim,https://github.com/AjuntamentdeBarcelona/decidim.git
fjmorant,react-native-nested-listview,https://github.com/fjmorant/react-native-nested-listview.git
wso2,carbon-device-mgt-plugins,https://github.com/wso2/carbon-device-mgt-plugins.git
pfnet,chainer,https://github.com/pfnet/chainer.git
DemonWav,MinecraftDevIntelliJ,https://github.com/DemonWav/MinecraftDevIntelliJ.git
mmistakes,minimal-mistakes,https://github.com/mmistakes/minimal-mistakes.git
LinioIT,mail,https://github.com/LinioIT/mail.git
WaterfallMC,Waterfall,https://github.com/WaterfallMC/Waterfall.git
rematch,rematch,https://github.com/rematch/rematch.git
mrBussy,mrbussy.github.io,https://github.com/mrBussy/mrbussy.github.io.git
exercism,xpython,https://github.com/exercism/xpython.git
gdavila,gdavila.github.io,https://github.com/gdavila/gdavila.github.io.git
mattstratton,probablyfine,https://github.com/mattstratton/probablyfine.git
tekezo,Karabiner-Elements,https://github.com/tekezo/Karabiner-Elements.git
Sylius,Sylius,https://github.com/Sylius/Sylius.git
Aceheliflyer,AceBot,https://github.com/Aceheliflyer/AceBot.git
Blizzard,node-rdkafka,https://github.com/Blizzard/node-rdkafka.git
zsdonghao,tensorlayer,https://github.com/zsdonghao/tensorlayer.git
BenEmdon,CenteredCollectionView,https://github.com/BenEmdon/CenteredCollectionView.git
benbalter,wordpress-to-jekyll-exporter,https://github.com/benbalter/wordpress-to-jekyll-exporter.git
github,linguist,https://github.com/github/linguist.git
phpmyadmin,sql-parser,https://github.com/phpmyadmin/sql-parser.git
npds,npds_dune,https://github.com/npds/npds_dune.git
PlagueHO,ciSCSI,https://github.com/PlagueHO/ciSCSI.git
galetahub,ckeditor,https://github.com/galetahub/ckeditor.git
atom,sort-lines,https://github.com/atom/sort-lines.git
gorilla,feeds,https://github.com/gorilla/feeds.git
svemaraju,svemaraju.github.io,https://github.com/svemaraju/svemaraju.github.io.git
idehub,react-native-google-analytics-bridge,https://github.com/idehub/react-native-google-analytics-bridge.git
LinioIT,database,https://github.com/LinioIT/database.git
ssbc,emoji-server,https://github.com/ssbc/emoji-server.git
db-migrate,node-db-migrate,https://github.com/db-migrate/node-db-migrate.git
PowerShell,xHyper-V,https://github.com/PowerShell/xHyper-V.git
Ikulagin,ikulagin.github.io,https://github.com/Ikulagin/ikulagin.github.io.git
benbalter,jekyll-avatar,https://github.com/benbalter/jekyll-avatar.git
openatx,uiautomator2,https://github.com/openatx/uiautomator2.git
apache,beam,https://github.com/apache/beam.git
lc-soft,LCUI,https://github.com/lc-soft/LCUI.git
mikedeboer,node-github,https://github.com/mikedeboer/node-github.git
exercism,xdelphi,https://github.com/exercism/xdelphi.git
LesliePajuelo,LesliePajuelo.github.io,https://github.com/LesliePajuelo/LesliePajuelo.github.io.git
PyGithub,PyGithub,https://github.com/PyGithub/PyGithub.git
Vel0x,vel0x.github.io,https://github.com/Vel0x/vel0x.github.io.git
Homebrew,homebrew-bundle,https://github.com/Homebrew/homebrew-bundle.git
PowerShell,xRobocopy,https://github.com/PowerShell/xRobocopy.git
babel,babel-preset-env,https://github.com/babel/babel-preset-env.git
SVProgressHUD,SVProgressHUD,https://github.com/SVProgressHUD/SVProgressHUD.git
ssbc,ssb-search,https://github.com/ssbc/ssb-search.git
ocadotechnology,aimmo,https://github.com/ocadotechnology/aimmo.git
Laravel-Backpack,base,https://github.com/Laravel-Backpack/base.git
auth0-extensions,auth0-user-invite-extension,https://github.com/auth0-extensions/auth0-user-invite-extension.git
crewjam,saml,https://github.com/crewjam/saml.git
ssbc,ssb-names,https://github.com/ssbc/ssb-names.git
prebid,Prebid.js,https://github.com/prebid/Prebid.js.git
PowerShell,DscResources,https://github.com/PowerShell/DscResources.git
feross,standard,https://github.com/feross/standard.git
imolorhe,altair,https://github.com/imolorhe/altair.git
AdmiringWorm,Faker.NET.Portable,https://github.com/AdmiringWorm/Faker.NET.Portable.git
basecamp,trix,https://github.com/basecamp/trix.git
probot,stale,https://github.com/probot/stale.git
ssbc,ssb-testnet,https://github.com/ssbc/ssb-testnet.git
moonlight-stream,moonlight-android,https://github.com/moonlight-stream/moonlight-android.git
lesserwhirls,lesserwhirls.github.io,https://github.com/lesserwhirls/lesserwhirls.github.io.git
SpoonX,wetland,https://github.com/SpoonX/wetland.git
MyEtherWallet,MyEtherWallet,https://github.com/MyEtherWallet/MyEtherWallet.git
pages-themes,hacker,https://github.com/pages-themes/hacker.git
obiba,agate,https://github.com/obiba/agate.git
Homebrew,brew,https://github.com/Homebrew/brew.git
DanSnow,vue-recaptcha,https://github.com/DanSnow/vue-recaptcha.git
phpmyadmin,shapefile,https://github.com/phpmyadmin/shapefile.git
webtorrent,webtorrent,https://github.com/webtorrent/webtorrent.git
wireload,screenly-ose,https://github.com/wireload/screenly-ose.git
maliceio,malice,https://github.com/maliceio/malice.git
hakanensari,vacuum,https://github.com/hakanensari/vacuum.git
wordpress-mobile,WordPress-iOS,https://github.com/wordpress-mobile/WordPress-iOS.git
CherrySquid,CherrySquid.github.io,https://github.com/CherrySquid/CherrySquid.github.io.git
PowerShell,xComputerManagement,https://github.com/PowerShell/xComputerManagement.git
mauron85,react-native-background-geolocation,https://github.com/mauron85/react-native-background-geolocation.git
website-scraper,node-website-scraper,https://github.com/website-scraper/node-website-scraper.git
b4b4r07,enhancd,https://github.com/b4b4r07/enhancd.git
darkblank,darkblank.github.io,https://github.com/darkblank/darkblank.github.io.git
securestate,king-phisher-templates,https://github.com/securestate/king-phisher-templates.git
minishift,minishift,https://github.com/minishift/minishift.git
PowerShell,xStorage,https://github.com/PowerShell/xStorage.git
poldracklab,mriqc,https://github.com/poldracklab/mriqc.git
Ubuntu-Solutions-Engineering,conjure,https://github.com/Ubuntu-Solutions-Engineering/conjure.git
benbalter,licensee,https://github.com/benbalter/licensee.git
rsim,ruby-plsql,https://github.com/rsim/ruby-plsql.git
rcarrata,rcarrata.github.io,https://github.com/rcarrata/rcarrata.github.io.git
Factual,kudos,https://github.com/Factual/kudos.git
TransitApp,SVProgressHUD,https://github.com/TransitApp/SVProgressHUD.git
omahajs,applied,https://github.com/omahajs/applied.git
exercism,xcrystal,https://github.com/exercism/xcrystal.git
vtrnnhlinh,vtrnnhlinh.github.io,https://github.com/vtrnnhlinh/vtrnnhlinh.github.io.git
labstack,echo,https://github.com/labstack/echo.git
benbalter,jekyll-relative-links,https://github.com/benbalter/jekyll-relative-links.git
trinityfx,trinity,https://github.com/trinityfx/trinity.git
Factual,kudos21,https://github.com/Factual/kudos21.git
JeffreyWay,laravel-mix,https://github.com/JeffreyWay/laravel-mix.git
parallel-js,parallel.js,https://github.com/parallel-js/parallel.js.git
mmistakes,so-simple-theme,https://github.com/mmistakes/so-simple-theme.git
xuhdev,vim-latex-live-preview,https://github.com/xuhdev/vim-latex-live-preview.git
PowerShell,xRemoteDesktopSessionHost,https://github.com/PowerShell/xRemoteDesktopSessionHost.git
pressbooks,pressbooks,https://github.com/pressbooks/pressbooks.git
typo3-themes,theme_bootstrap4,https://github.com/typo3-themes/theme_bootstrap4.git
RasaHQ,rasa_nlu,https://github.com/RasaHQ/rasa_nlu.git
mobxjs,mobx-state-tree,https://github.com/mobxjs/mobx-state-tree.git
wso2-incubator,product-iot-server,https://github.com/wso2-incubator/product-iot-server.git
PowerShell,xSCOM,https://github.com/PowerShell/xSCOM.git
decidim,decidim,https://github.com/decidim/decidim.git
abraxasyu,abraxasyu.github.io,https://github.com/abraxasyu/abraxasyu.github.io.git
ankane,chartkick.js,https://github.com/ankane/chartkick.js.git
rook,rook,https://github.com/rook/rook.git
acemod,ace3-misc,https://github.com/acemod/ace3-misc.git
frctl,fractal,https://github.com/frctl/fractal.git
kategolden,kategolden.github.io,https://github.com/kategolden/kategolden.github.io.git
rsim,oracle-enhanced,https://github.com/rsim/oracle-enhanced.git
moonlight-stream,moonlight-chrome,https://github.com/moonlight-stream/moonlight-chrome.git
brynary,rack-test,https://github.com/brynary/rack-test.git
PowerShell,xDatabase,https://github.com/PowerShell/xDatabase.git
McJty,LostCities,https://github.com/McJty/LostCities.git
Azure,azure-quickstart-templates,https://github.com/Azure/azure-quickstart-templates.git
BlakeWilliams,rails,https://github.com/BlakeWilliams/rails.git
Semantic-Org,Semantic-UI-React,https://github.com/Semantic-Org/Semantic-UI-React.git
simont77,fakegato-history,https://github.com/simont77/fakegato-history.git
stoe,pdfify-node,https://github.com/stoe/pdfify-node.git
mapbox,mapbox-java,https://github.com/mapbox/mapbox-java.git
PowerShell,xWinEventLog,https://github.com/PowerShell/xWinEventLog.git
PowerShell,xAzurePack,https://github.com/PowerShell/xAzurePack.git
oppia,oppia,https://github.com/oppia/oppia.git
gorilla,sessions,https://github.com/gorilla/sessions.git
github,hubot,https://github.com/github/hubot.git
pqrs-org,KE-complex_modifications,https://github.com/pqrs-org/KE-complex_modifications.git
tony,tmuxp,https://github.com/tony/tmuxp.git
PowerShell,xSCSPF,https://github.com/PowerShell/xSCSPF.git
librenms,librenms,https://github.com/librenms/librenms.git
renesansz,discord-greeter-bot,https://github.com/renesansz/discord-greeter-bot.git
OWASP,pipeline,https://github.com/OWASP/pipeline.git
ShareX,ShareX,https://github.com/ShareX/ShareX.git
mmanela,chutzpah,https://github.com/mmanela/chutzpah.git
palantir,http-remoting,https://github.com/palantir/http-remoting.git
WildGums,LogViewer,https://github.com/WildGums/LogViewer.git
pH7Software,pH7-Social-Dating-CMS,https://github.com/pH7Software/pH7-Social-Dating-CMS.git
hakanensari,peddler,https://github.com/hakanensari/peddler.git
linz,linz_bde_copy,https://github.com/linz/linz_bde_copy.git
clarkbw,jest-webextension-mock,https://github.com/clarkbw/jest-webextension-mock.git
xvazquezc,xvazquezc.github.io,https://github.com/xvazquezc/xvazquezc.github.io.git
ampedandwired,html-webpack-plugin,https://github.com/ampedandwired/html-webpack-plugin.git
ssbc,graphmitter,https://github.com/ssbc/graphmitter.git
OWASP,django-DefectDojo,https://github.com/OWASP/django-DefectDojo.git
nolimits4web,Swiper,https://github.com/nolimits4web/Swiper.git
phpmyadmin,docker,https://github.com/phpmyadmin/docker.git
PowerShell,xWindowsEventForwarding,https://github.com/PowerShell/xWindowsEventForwarding.git
TrueCommerce,vscode-xml,https://github.com/TrueCommerce/vscode-xml.git
caiogondim,logdown.js,https://github.com/caiogondim/logdown.js.git
dita-ot,dita-ot,https://github.com/dita-ot/dita-ot.git
rails,activeresource,https://github.com/rails/activeresource.git
airbnb,airflow,https://github.com/airbnb/airflow.git
github,generator-hubot,https://github.com/github/generator-hubot.git
nteract,nteract,https://github.com/nteract/nteract.git
BeanSeed,BeanSeed.github.io,https://github.com/BeanSeed/BeanSeed.github.io.git
tkh44,emotion,https://github.com/tkh44/emotion.git
ssbc,secret-stack,https://github.com/ssbc/secret-stack.git
ATLauncher,Discord-Bot,https://github.com/ATLauncher/Discord-Bot.git
WeblateOrg,wlc,https://github.com/WeblateOrg/wlc.git
MessageKit,MessageKit,https://github.com/MessageKit/MessageKit.git
qgis,QGIS,https://github.com/qgis/QGIS.git
dabutvin,ImgBot,https://github.com/dabutvin/ImgBot.git
securestate,king-phisher-plugins,https://github.com/securestate/king-phisher-plugins.git
IntellectualSites,PlotSquared,https://github.com/IntellectualSites/PlotSquared.git
PowerShell,xInternetExplorerHomePage,https://github.com/PowerShell/xInternetExplorerHomePage.git
salesforce-ux,design-system-starter-kit,https://github.com/salesforce-ux/design-system-starter-kit.git
envoyproxy,envoy,https://github.com/envoyproxy/envoy.git
Chewbotcca,IRC,https://github.com/Chewbotcca/IRC.git
SUPERCILEX,Robot-Scouter,https://github.com/SUPERCILEX/Robot-Scouter.git
SUSE,Portus,https://github.com/SUSE/Portus.git
Pr0Ger,PyAPNs2,https://github.com/Pr0Ger/PyAPNs2.git
unitejs,engine,https://github.com/unitejs/engine.git
CocoaPods,cocoadocs.org,https://github.com/CocoaPods/cocoadocs.org.git
michel-kraemer,gradle-download-task,https://github.com/michel-kraemer/gradle-download-task.git
rails,rails,https://github.com/rails/rails.git
eGust,epub-reader,https://github.com/eGust/epub-reader.git
Automattic,wp-calypso,https://github.com/Automattic/wp-calypso.git
micro-a5k,microg-unofficial-installer,https://github.com/micro-a5k/microg-unofficial-installer.git
Linuxbrew,brew,https://github.com/Linuxbrew/brew.git
idehub,react-native-billing,https://github.com/idehub/react-native-billing.git
muan,hello-world,https://github.com/muan/hello-world.git
ToroCraft,ToroQuest,https://github.com/ToroCraft/ToroQuest.git
facebook,fresco,https://github.com/facebook/fresco.git
ToroCraft,NemesisSystem,https://github.com/ToroCraft/NemesisSystem.git
obiba,opal,https://github.com/obiba/opal.git
Belval,pdf2image,https://github.com/Belval/pdf2image.git
fanglingsu,vimb,https://github.com/fanglingsu/vimb.git
avto-dev,static-references-laravel,https://github.com/avto-dev/static-references-laravel.git
Homebrew,homebrew-core,https://github.com/Homebrew/homebrew-core.git
kywk,hexi,https://github.com/kywk/hexi.git
Pipeoverflow,website,https://github.com/Pipeoverflow/website.git
palantir,gradle-baseline,https://github.com/palantir/gradle-baseline.git
Jasig,cas,https://github.com/Jasig/cas.git
travis-ci,dpl,https://github.com/travis-ci/dpl.git
timgrossmann,InstaPy,https://github.com/timgrossmann/InstaPy.git
PowerShell,xSmbShare,https://github.com/PowerShell/xSmbShare.git
donovanwatts,donovanwatts.github.io,https://github.com/donovanwatts/donovanwatts.github.io.git
exercism,xjavascript,https://github.com/exercism/xjavascript.git
CHEF-KOCH,regtweaks,https://github.com/CHEF-KOCH/regtweaks.git
chentsulin,electron-react-boilerplate,https://github.com/chentsulin/electron-react-boilerplate.git
CartoDB,cartodb,https://github.com/CartoDB/cartodb.git
njleonzhang,vue-data-tables,https://github.com/njleonzhang/vue-data-tables.git
ssbc,ssb-ref,https://github.com/ssbc/ssb-ref.git
EmergingTechnologyAdvisors,node-serialport,https://github.com/EmergingTechnologyAdvisors/node-serialport.git
StarExec,code-prettify,https://github.com/StarExec/code-prettify.git
feross,webtorrent-desktop,https://github.com/feross/webtorrent-desktop.git
Glavin001,atom-beautify,https://github.com/Glavin001/atom-beautify.git
yoshuawuyts,bankai,https://github.com/yoshuawuyts/bankai.git
mwarkentin,django-watchman,https://github.com/mwarkentin/django-watchman.git
firefly-iii,firefly-iii,https://github.com/firefly-iii/firefly-iii.git
avtocod,b2b-api-php-laravel,https://github.com/avtocod/b2b-api-php-laravel.git
typo3-themes,themes_showcase,https://github.com/typo3-themes/themes_showcase.git
PowerShell,xFailOverCluster,https://github.com/PowerShell/xFailOverCluster.git
mathieujobin,reduced-rails-for-travis,https://github.com/mathieujobin/reduced-rails-for-travis.git
ethereum,go-ethereum,https://github.com/ethereum/go-ethereum.git
openrazer,openrazer,https://github.com/openrazer/openrazer.git
CHEF-KOCH,CryptoNews,https://github.com/CHEF-KOCH/CryptoNews.git
PlagueHO,FSRMDsc,https://github.com/PlagueHO/FSRMDsc.git
nspragg,filehound,https://github.com/nspragg/filehound.git
Laravel-Backpack,Generators,https://github.com/Laravel-Backpack/Generators.git
gpu0,gpu0.github.io,https://github.com/gpu0/gpu0.github.io.git
zooniverse,Panoptes,https://github.com/zooniverse/Panoptes.git
Laravel-Backpack,permissionmanager,https://github.com/Laravel-Backpack/permissionmanager.git
sverweij,dependency-cruiser,https://github.com/sverweij/dependency-cruiser.git
parksw3,parksw3.github.io,https://github.com/parksw3/parksw3.github.io.git
askmike,gekko,https://github.com/askmike/gekko.git
phingofficial,phing,https://github.com/phingofficial/phing.git
ssbc,patchwork,https://github.com/ssbc/patchwork.git
mikesplain,openvas-docker,https://github.com/mikesplain/openvas-docker.git
jimmidyson,minishift,https://github.com/jimmidyson/minishift.git
amar-laksh,brew_sudo,https://github.com/amar-laksh/brew_sudo.git
Screenly,screenly-ose,https://github.com/Screenly/screenly-ose.git
gorilla,schema,https://github.com/gorilla/schema.git
jsbin,jsbin,https://github.com/jsbin/jsbin.git
s0ph1e,node-css-url-parser,https://github.com/s0ph1e/node-css-url-parser.git
GoogleCloudPlatform,professional-services,https://github.com/GoogleCloudPlatform/professional-services.git
bfontaine,homebrew-command-not-found,https://github.com/bfontaine/homebrew-command-not-found.git
McJty,RFTools,https://github.com/McJty/RFTools.git
ssbc,nicedate,https://github.com/ssbc/nicedate.git
georgeluong,georgeluong.github.io,https://github.com/georgeluong/georgeluong.github.io.git
jzaefferer,jquery-validation,https://github.com/jzaefferer/jquery-validation.git
mfariacastro,mfariacastro.github.io,https://github.com/mfariacastro/mfariacastro.github.io.git
niosus,EasyClangComplete,https://github.com/niosus/EasyClangComplete.git
storybooks,storybook,https://github.com/storybooks/storybook.git
LinioIT,common,https://github.com/LinioIT/common.git
PowerShell,xSCSMA,https://github.com/PowerShell/xSCSMA.git
PowerShell,xSystemSecurity,https://github.com/PowerShell/xSystemSecurity.git
coliff,bootstrap-ie8,https://github.com/coliff/bootstrap-ie8.git
jshjohnson,Choices,https://github.com/jshjohnson/Choices.git
typo3-themes,theme_bootstrap_appstrap,https://github.com/typo3-themes/theme_bootstrap_appstrap.git
feathersjs,feathers-rx,https://github.com/feathersjs/feathers-rx.git
andreipitis,ASPVideoPlayer,https://github.com/andreipitis/ASPVideoPlayer.git
DemonWav,IntelliJBukkitSupport,https://github.com/DemonWav/IntelliJBukkitSupport.git
getantibody,antibody,https://github.com/getantibody/antibody.git
athaynes,AuditPolicyDsc,https://github.com/athaynes/AuditPolicyDsc.git
gocraft,dbr,https://github.com/gocraft/dbr.git
jekyll-fr,jekyll-fr.github.io,https://github.com/jekyll-fr/jekyll-fr.github.io.git
mattstratton,bowie,https://github.com/mattstratton/bowie.git
PowerShell,xActiveDirectory,https://github.com/PowerShell/xActiveDirectory.git
PowerShell,xExchange,https://github.com/PowerShell/xExchange.git
DataDog,integrations-extras,https://github.com/DataDog/integrations-extras.git
eruizdechavez,grunt-string-replace,https://github.com/eruizdechavez/grunt-string-replace.git
spotify,docker-gc,https://github.com/spotify/docker-gc.git
McJty,compatlayer,https://github.com/McJty/compatlayer.git
cleanflight,cleanflight,https://github.com/cleanflight/cleanflight.git
moonlight-stream,moonlight-ios,https://github.com/moonlight-stream/moonlight-ios.git
yacir,YBSlantedCollectionViewLayout,https://github.com/yacir/YBSlantedCollectionViewLayout.git
localheinz,test-util,https://github.com/localheinz/test-util.git
hypothesis,via,https://github.com/hypothesis/via.git
PowerShell,xAdcsDeployment,https://github.com/PowerShell/xAdcsDeployment.git
toastdriven,pysolr,https://github.com/toastdriven/pysolr.git
McJty,DeepResonance,https://github.com/McJty/DeepResonance.git
fcrespo82,atom-markdown-table-formatter,https://github.com/fcrespo82/atom-markdown-table-formatter.git
ubuntu,conjure-up,https://github.com/ubuntu/conjure-up.git
lildude,phpZenfolio,https://github.com/lildude/phpZenfolio.git
react-native-sensors,react-native-sensors,https://github.com/react-native-sensors/react-native-sensors.git
nelson6e65,php_nml,https://github.com/nelson6e65/php_nml.git
pmviva,mention_system,https://github.com/pmviva/mention_system.git
vcidst,vcidst.github.io,https://github.com/vcidst/vcidst.github.io.git
michel-kraemer,bson4jackson,https://github.com/michel-kraemer/bson4jackson.git
LIISim,liisim.github.io,https://github.com/LIISim/liisim.github.io.git
blacktop,go-malice,https://github.com/blacktop/go-malice.git
gorilla,csrf,https://github.com/gorilla/csrf.git
cesarferreira,drone,https://github.com/cesarferreira/drone.git
instagrambot,instabot,https://github.com/instagrambot/instabot.git
rimusz,helm-charts,https://github.com/rimusz/helm-charts.git
bazzite,nativescript-vibrate,https://github.com/bazzite/nativescript-vibrate.git
gorilla,handlers,https://github.com/gorilla/handlers.git
ssbc,examples,https://github.com/ssbc/examples.git
auth0-extensions,auth0-source-control-extension-tools,https://github.com/auth0-extensions/auth0-source-control-extension-tools.git
feathersjs,feathers-memory,https://github.com/feathersjs/feathers-memory.git
anarchicknight,nativescript-vibrate,https://github.com/anarchicknight/nativescript-vibrate.git
goern,mattermost-openshift,https://github.com/goern/mattermost-openshift.git
ScriptonBasestar-Lib,sb-tool-jvm,https://github.com/ScriptonBasestar-Lib/sb-tool-jvm.git
SilentChaos512,SilentGems,https://github.com/SilentChaos512/SilentGems.git
atom,atom,https://github.com/atom/atom.git
SilentChaos512,ScalingHealth,https://github.com/SilentChaos512/ScalingHealth.git
klen,python-mode,https://github.com/klen/python-mode.git
stevenschobert,instafeed.js,https://github.com/stevenschobert/instafeed.js.git
IntellectualCrafters,PlotSquared,https://github.com/IntellectualCrafters/PlotSquared.git
feathersjs,feathers-rethinkdb,https://github.com/feathersjs/feathers-rethinkdb.git
vincentriemer,io-808,https://github.com/vincentriemer/io-808.git
ssbc,patchbay,https://github.com/ssbc/patchbay.git
chainer,chainer,https://github.com/chainer/chainer.git
dudok,dudok.github.io,https://github.com/dudok/dudok.github.io.git
MysteriumNetwork,node,https://github.com/MysteriumNetwork/node.git
spike-lab,spike-lab.github.io,https://github.com/spike-lab/spike-lab.github.io.git
exercism,xperl5,https://github.com/exercism/xperl5.git
nnadeau,pybotics,https://github.com/nnadeau/pybotics.git
node-serialport,node-serialport,https://github.com/node-serialport/node-serialport.git
checkr,codeflow,https://github.com/checkr/codeflow.git
PowerShell,xCredSSP,https://github.com/PowerShell/xCredSSP.git
ssbc,secure-scuttlebutt,https://github.com/ssbc/secure-scuttlebutt.git
kura,hauntr,https://github.com/kura/hauntr.git
ZoneMinder,ZoneMinder,https://github.com/ZoneMinder/ZoneMinder.git
WoLpH,numpy-stl,https://github.com/WoLpH/numpy-stl.git
raphael,goa,https://github.com/raphael/goa.git
KevinKelley,KevinKelley.github.io,https://github.com/KevinKelley/KevinKelley.github.io.git
apache,incubator-airflow,https://github.com/apache/incubator-airflow.git
pathawks,jekyll-commonmark,https://github.com/pathawks/jekyll-commonmark.git
kura,pelican_vimeo,https://github.com/kura/pelican_vimeo.git
exercism,xlua,https://github.com/exercism/xlua.git
nozzle,react-static,https://github.com/nozzle/react-static.git
serverspec,serverspec,https://github.com/serverspec/serverspec.git
SebastianM,angular-google-maps,https://github.com/SebastianM/angular-google-maps.git
clostra,dcdn,https://github.com/clostra/dcdn.git
request,request,https://github.com/request/request.git
buildbot,buildbot,https://github.com/buildbot/buildbot.git
auth0,auth0-logs-to-loggly,https://github.com/auth0/auth0-logs-to-loggly.git
howdyai,botkit,https://github.com/howdyai/botkit.git
wso2-dev,product-device-cloud,https://github.com/wso2-dev/product-device-cloud.git
PowerShell,xPendingReboot,https://github.com/PowerShell/xPendingReboot.git
apereo,cas,https://github.com/apereo/cas.git
samvera,hyrax,https://github.com/samvera/hyrax.git
nicolaiarocci,eve-swagger,https://github.com/nicolaiarocci/eve-swagger.git
timedreamer,timedreamer.github.io,https://github.com/timedreamer/timedreamer.github.io.git
exercism,xruby,https://github.com/exercism/xruby.git
apollographql,react-apollo,https://github.com/apollographql/react-apollo.git
sapcc,kubernikus,https://github.com/sapcc/kubernikus.git
DemonWav,MinecraftDev,https://github.com/DemonWav/MinecraftDev.git
Catel,Catel.Fody,https://github.com/Catel/Catel.Fody.git
mezz,JustEnoughItems,https://github.com/mezz/JustEnoughItems.git
Samfox2,homebridge-videodoorbell,https://github.com/Samfox2/homebridge-videodoorbell.git
mukeshsolanki,country-picker-android,https://github.com/mukeshsolanki/country-picker-android.git
nolimits4web,Framework7,https://github.com/nolimits4web/Framework7.git
ssbc,packet-stream,https://github.com/ssbc/packet-stream.git
angular-ui,ng-grid,https://github.com/angular-ui/ng-grid.git
PowerShell,xRemoteDesktopAdmin,https://github.com/PowerShell/xRemoteDesktopAdmin.git
PX4,Firmware,https://github.com/PX4/Firmware.git
viddo,recent-files-fuzzy-finder,https://github.com/viddo/recent-files-fuzzy-finder.git
clarkbw,jest-localstorage-mock,https://github.com/clarkbw/jest-localstorage-mock.git
kura,ghastly,https://github.com/kura/ghastly.git
raulriera,TextFieldEffects,https://github.com/raulriera/TextFieldEffects.git
xCss,Valine,https://github.com/xCss/Valine.git
paramaggarwal,react-dropzone,https://github.com/paramaggarwal/react-dropzone.git
Daltron,NotificationBanner,https://github.com/Daltron/NotificationBanner.git
strongloop,loopback-faq-user-management,https://github.com/strongloop/loopback-faq-user-management.git
ropensci,screencasts,https://github.com/ropensci/screencasts.git
getinsomnia,insomnia,https://github.com/getinsomnia/insomnia.git
giulio92,GLExtendedWebView,https://github.com/giulio92/GLExtendedWebView.git
PowerShell,xDismFeature,https://github.com/PowerShell/xDismFeature.git
fszlin,certes,https://github.com/fszlin/certes.git
LanikSJ,ubo-filters,https://github.com/LanikSJ/ubo-filters.git
dowjones,react-dropdown-tree-select,https://github.com/dowjones/react-dropdown-tree-select.git
PowerShell,xFirefox,https://github.com/PowerShell/xFirefox.git
alexanderepstein,Bash-Snippets,https://github.com/alexanderepstein/Bash-Snippets.git
Moya,Moya,https://github.com/Moya/Moya.git
spotify,luigi,https://github.com/spotify/luigi.git
spotify,docker-maven-plugin,https://github.com/spotify/docker-maven-plugin.git
PowerShell,xDhcpServer,https://github.com/PowerShell/xDhcpServer.git
BillyBlaze,OctoPrint-TouchUI,https://github.com/BillyBlaze/OctoPrint-TouchUI.git
monterail,vue-multiselect,https://github.com/monterail/vue-multiselect.git
cucumber,cucumber-ruby,https://github.com/cucumber/cucumber-ruby.git
pages-themes,slate,https://github.com/pages-themes/slate.git
nteract,composition,https://github.com/nteract/composition.git
feathersjs,feathers-sequelize,https://github.com/feathersjs/feathers-sequelize.git
agrc,agrc.github.io,https://github.com/agrc/agrc.github.io.git
LinioIT,queue,https://github.com/LinioIT/queue.git
bortek,EZ-WifiBroadcast,https://github.com/bortek/EZ-WifiBroadcast.git
lildude,phpSmug,https://github.com/lildude/phpSmug.git
framework7io,Framework7,https://github.com/framework7io/Framework7.git
wix,react-native-navigation,https://github.com/wix/react-native-navigation.git
obiba,jennite,https://github.com/obiba/jennite.git
pathawks,Jekyll-CMark,https://github.com/pathawks/Jekyll-CMark.git
RasaHQ,rasa_core,https://github.com/RasaHQ/rasa_core.git
stoelzle,pdfify-node,https://github.com/stoelzle/pdfify-node.git
codl,forget,https://github.com/codl/forget.git
cherrypy,cheroot,https://github.com/cherrypy/cheroot.git
Laravel-Backpack,crud,https://github.com/Laravel-Backpack/crud.git
express-labs,pure-react-carousel,https://github.com/express-labs/pure-react-carousel.git
martincostello,credit-card-splitter,https://github.com/martincostello/credit-card-splitter.git
xt0rted,Nancy.Validation.DataAnnotations.Extensions,https://github.com/xt0rted/Nancy.Validation.DataAnnotations.Extensions.git
standard,standard,https://github.com/standard/standard.git
coreos,clair,https://github.com/coreos/clair.git
obiba,mica2,https://github.com/obiba/mica2.git
kura,kura.io,https://github.com/kura/kura.io.git
zooniverse,Panoptes-Front-End,https://github.com/zooniverse/Panoptes-Front-End.git
PlagueHO,cDFS,https://github.com/PlagueHO/cDFS.git
poooi,poi,https://github.com/poooi/poi.git
SlvrEagle23,AzuraCast,https://github.com/SlvrEagle23/AzuraCast.git
meetfranz,franz,https://github.com/meetfranz/franz.git
facebookincubator,create-react-app,https://github.com/facebookincubator/create-react-app.git
exercism,python,https://github.com/exercism/python.git
feathersjs,feathers-batch,https://github.com/feathersjs/feathers-batch.git
naver,pinpoint,https://github.com/naver/pinpoint.git
auth0-extensions,auth0-authentication-api-debugger-extension,https://github.com/auth0-extensions/auth0-authentication-api-debugger-extension.git
probot,probot,https://github.com/probot/probot.git
cjohansen,Sinon.JS,https://github.com/cjohansen/Sinon.JS.git
poldracklab,fmriprep,https://github.com/poldracklab/fmriprep.git
estahn,phpunit-json-assertions,https://github.com/estahn/phpunit-json-assertions.git
spotify,docker-client,https://github.com/spotify/docker-client.git
feathersjs,feathers-localstorage,https://github.com/feathersjs/feathers-localstorage.git
PowerShell,xChrome,https://github.com/PowerShell/xChrome.git
martincostello,adventofcode,https://github.com/martincostello/adventofcode.git
Linuxbrew,homebrew-core,https://github.com/Linuxbrew/homebrew-core.git
gho-ramos,GRTextField,https://github.com/gho-ramos/GRTextField.git
agrc,gis.utah.gov,https://github.com/agrc/gis.utah.gov.git
bkimminich,juice-shop,https://github.com/bkimminich/juice-shop.git
mizzy,serverspec,https://github.com/mizzy/serverspec.git
mizzy,specinfra,https://github.com/mizzy/specinfra.git
exercism,xelisp,https://github.com/exercism/xelisp.git
kura,pelican_youtube,https://github.com/kura/pelican_youtube.git
hypothesis,bouncer,https://github.com/hypothesis/bouncer.git
yakyak,yakyak,https://github.com/yakyak/yakyak.git
snipe,snipe-it,https://github.com/snipe/snipe-it.git
manddar,manddar.github.io,https://github.com/manddar/manddar.github.io.git
thomasjo,atom-latex,https://github.com/thomasjo/atom-latex.git
Homebrew,patches,https://github.com/Homebrew/patches.git
luin,ioredis,https://github.com/luin/ioredis.git
caarlos0,antibody,https://github.com/caarlos0/antibody.git
krystalcampioni,vue-hotel-datepicker,https://github.com/krystalcampioni/vue-hotel-datepicker.git
yamitcar,atc-onlinesubmin201718,https://github.com/yamitcar/atc-onlinesubmin201718.git
madappstechnologies,country-picker-android,https://github.com/madappstechnologies/country-picker-android.git
jlnrd,jlnrd.github.io,https://github.com/jlnrd/jlnrd.github.io.git
anbox,anbox,https://github.com/anbox/anbox.git
Mozharovsky,CVCalendar,https://github.com/Mozharovsky/CVCalendar.git
PowerShell,xCertificate,https://github.com/PowerShell/xCertificate.git
sequelize,sequelize,https://github.com/sequelize/sequelize.git
frappe,erpnext,https://github.com/frappe/erpnext.git
apache,thrift,https://github.com/apache/thrift.git
conjure-up,conjure-up,https://github.com/conjure-up/conjure-up.git
stoe,alfred-github-tools,https://github.com/stoe/alfred-github-tools.git
phenyard,phenyard.github.io,https://github.com/phenyard/phenyard.github.io.git
Catel,Catel.Benchmarks,https://github.com/Catel/Catel.Benchmarks.git
bkeepers,dotenv,https://github.com/bkeepers/dotenv.git
jpadilla,ember-simple-auth-token,https://github.com/jpadilla/ember-simple-auth-token.git
benbalter,github-records-archiver,https://github.com/benbalter/github-records-archiver.git
RxSwiftCommunity,RxOptional,https://github.com/RxSwiftCommunity/RxOptional.git
hexojs,hexo,https://github.com/hexojs/hexo.git
cucumber,cucumber,https://github.com/cucumber/cucumber.git
karoldvl,EARS,https://github.com/karoldvl/EARS.git
wordpress-mobile,WordPress-Android,https://github.com/wordpress-mobile/WordPress-Android.git
AzuraCast,AzuraCast,https://github.com/AzuraCast/AzuraCast.git
exercism,xpony,https://github.com/exercism/xpony.git
jaredpalmer,formik,https://github.com/jaredpalmer/formik.git
typo3-themes,theme_bootstrap_restart,https://github.com/typo3-themes/theme_bootstrap_restart.git
opsdroid,opsdroid,https://github.com/opsdroid/opsdroid.git
coredns,coredns,https://github.com/coredns/coredns.git
hubotio,hubot,https://github.com/hubotio/hubot.git
kadirahq,react-storybook,https://github.com/kadirahq/react-storybook.git
jdorfman,Awesome-JSON-Datasets,https://github.com/jdorfman/Awesome-JSON-Datasets.git
kura,pelican-githubprojects,https://github.com/kura/pelican-githubprojects.git
ericmjl,Network-Analysis-Made-Simple,https://github.com/ericmjl/Network-Analysis-Made-Simple.git
RakanNimer,react-google-charts,https://github.com/RakanNimer/react-google-charts.git
cucumber,aruba,https://github.com/cucumber/aruba.git
ssbc,patchcore,https://github.com/ssbc/patchcore.git
fogbeam,cas_mirror,https://github.com/fogbeam/cas_mirror.git
benbalter,gman,https://github.com/benbalter/gman.git
kc10kevin,betaflight,https://github.com/kc10kevin/betaflight.git
nfarina,homebridge,https://github.com/nfarina/homebridge.git
pmviva,follow_system,https://github.com/pmviva/follow_system.git
electron,electron,https://github.com/electron/electron.git
viode,viode,https://github.com/viode/viode.git
costanzo,costanzo.github.io,https://github.com/costanzo/costanzo.github.io.git
thedaviddias,Front-End-Checklist,https://github.com/thedaviddias/Front-End-Checklist.git
obiba,magma,https://github.com/obiba/magma.git
walbarello,walbarello.github.io,https://github.com/walbarello/walbarello.github.io.git
pages-themes,cayman,https://github.com/pages-themes/cayman.git
hypothesis,browser-extension,https://github.com/hypothesis/browser-extension.git
vintagesucks,caddy-script,https://github.com/vintagesucks/caddy-script.git
feross,webtorrent,https://github.com/feross/webtorrent.git
mmistakes,jekyll-theme-basically-basic,https://github.com/mmistakes/jekyll-theme-basically-basic.git
LinioIT,util,https://github.com/LinioIT/util.git
yeriomin,YalpStore,https://github.com/yeriomin/YalpStore.git
Aceheliflyer,Ace-Bot,https://github.com/Aceheliflyer/Ace-Bot.git
PowerShell,xSCDPM,https://github.com/PowerShell/xSCDPM.git
xia2,workflows,https://github.com/xia2/workflows.git
CCob,bittrex4j,https://github.com/CCob/bittrex4j.git
zosconnect,zosconnect-node,https://github.com/zosconnect/zosconnect-node.git
kura,blackhole,https://github.com/kura/blackhole.git
mcavage,node-restify,https://github.com/mcavage/node-restify.git
rundeck,rundeck-cli,https://github.com/rundeck/rundeck-cli.git
PowerShell,xMySql,https://github.com/PowerShell/xMySql.git
lyft,envoy,https://github.com/lyft/envoy.git
xt0rted,Raygun.Owin,https://github.com/xt0rted/Raygun.Owin.git
DataDog,integrations-core,https://github.com/DataDog/integrations-core.git
fog,fog,https://github.com/fog/fog.git
jcwalker,xSecedit,https://github.com/jcwalker/xSecedit.git
brpc,brpc,https://github.com/brpc/brpc.git
euvl,vue-js-modal,https://github.com/euvl/vue-js-modal.git
CVCalendar,CVCalendar,https://github.com/CVCalendar/CVCalendar.git
NARKOZ,gitlab,https://github.com/NARKOZ/gitlab.git
PowerShell,xDscDiagnostics,https://github.com/PowerShell/xDscDiagnostics.git
andris9,Nodemailer,https://github.com/andris9/Nodemailer.git
jasonmit,ember-intl,https://github.com/jasonmit/ember-intl.git
tldr-pages,tldr,https://github.com/tldr-pages/tldr.git
mweststrate,mobx-state-tree,https://github.com/mweststrate/mobx-state-tree.git
vkbansal,react-contextmenu,https://github.com/vkbansal/react-contextmenu.git
LinioIT,cache,https://github.com/LinioIT/cache.git
exercism,xelm,https://github.com/exercism/xelm.git
pmviva,like_system,https://github.com/pmviva/like_system.git
sanex3339,javascript-obfuscator,https://github.com/sanex3339/javascript-obfuscator.git
asnaedae,asnaedae.github.io,https://github.com/asnaedae/asnaedae.github.io.git
webtorrent,webtorrent-desktop,https://github.com/webtorrent/webtorrent-desktop.git
benbalter,word-to-markdown,https://github.com/benbalter/word-to-markdown.git
cuiyanwen,cuiyanwen.github.io,https://github.com/cuiyanwen/cuiyanwen.github.io.git
s0ph1e,node-website-scraper,https://github.com/s0ph1e/node-website-scraper.git
phpmyadmin,motranslator,https://github.com/phpmyadmin/motranslator.git
WeblateOrg,docker,https://github.com/WeblateOrg/docker.git
frappe,frappe,https://github.com/frappe/frappe.git
deanoemcke,thegreatsuspender,https://github.com/deanoemcke/thegreatsuspender.git
exercism,xecmascript,https://github.com/exercism/xecmascript.git
stoe,atom-markdown-wrapper,https://github.com/stoe/atom-markdown-wrapper.git
ShareX,CustomUploaders,https://github.com/ShareX/CustomUploaders.git
Fody,LoadAssembliesOnStartup,https://github.com/Fody/LoadAssembliesOnStartup.git
robmarkoski,robmarkoski.github.io,https://github.com/robmarkoski/robmarkoski.github.io.git
karoldvl,echonet,https://github.com/karoldvl/echonet.git
testcontainers,testcontainers-java,https://github.com/testcontainers/testcontainers-java.git
PlagueHO,cWSMan,https://github.com/PlagueHO/cWSMan.git
betaflight,betaflight-tx-lua-scripts,https://github.com/betaflight/betaflight-tx-lua-scripts.git
ptmt,react-native-desktop,https://github.com/ptmt/react-native-desktop.git
ATLauncher,style-guide,https://github.com/ATLauncher/style-guide.git
ssbc,ssb-blobs,https://github.com/ssbc/ssb-blobs.git
viddo,atom-textual-velocity,https://github.com/viddo/atom-textual-velocity.git
yahoo,ember-intl,https://github.com/yahoo/ember-intl.git
hamidfzm,Flask-HTMLmin,https://github.com/hamidfzm/Flask-HTMLmin.git
giulio92,GLTableCollectionView,https://github.com/giulio92/GLTableCollectionView.git
CHEF-KOCH,NoScript-Whitelist,https://github.com/CHEF-KOCH/NoScript-Whitelist.git
akiran,react-slick,https://github.com/akiran/react-slick.git
erickrdch,grunt-string-replace,https://github.com/erickrdch/grunt-string-replace.git
ssbc,ssb-config,https://github.com/ssbc/ssb-config.git
goreleaser,releaser,https://github.com/goreleaser/releaser.git
LinioIT,tortilla,https://github.com/LinioIT/tortilla.git
pouchdb,pouchdb,https://github.com/pouchdb/pouchdb.git
PowerShell,xBitlocker,https://github.com/PowerShell/xBitlocker.git
Misterhex,Misterhex.github.io,https://github.com/Misterhex/Misterhex.github.io.git
clappr,clappr,https://github.com/clappr/clappr.git
feathersjs,feathers-sync,https://github.com/feathersjs/feathers-sync.git
picocms,Pico,https://github.com/picocms/Pico.git
LinioIT,rule-engine,https://github.com/LinioIT/rule-engine.git
McJty,XNet,https://github.com/McJty/XNet.git
apereo,apereo.github.io,https://github.com/apereo/apereo.github.io.git
exercism,xperl6,https://github.com/exercism/xperl6.git
DiamondLightSource,python-workflows,https://github.com/DiamondLightSource/python-workflows.git
mochajs,mocha,https://github.com/mochajs/mocha.git
nlohmann,json,https://github.com/nlohmann/json.git
SkyHarp,LegendOfMountainSea,https://github.com/SkyHarp/LegendOfMountainSea.git
github,pages-gem,https://github.com/github/pages-gem.git
pages-themes,midnight,https://github.com/pages-themes/midnight.git
webdriverio,webdriverio,https://github.com/webdriverio/webdriverio.git
WormieCorp,Localization.AspNetCore.TagHelpers,https://github.com/WormieCorp/Localization.AspNetCore.TagHelpers.git
phille97,phille97.github.io,https://github.com/phille97/phille97.github.io.git
thomaspark,bootswatch,https://github.com/thomaspark/bootswatch.git
merencia,node-cron,https://github.com/merencia/node-cron.git
tony,libtmux,https://github.com/tony/libtmux.git
bolt,bolt,https://github.com/bolt/bolt.git
less,less.js,https://github.com/less/less.js.git
justwatchcom,gopass,https://github.com/justwatchcom/gopass.git
cmusatyalab,openface,https://github.com/cmusatyalab/openface.git
nijel,weblate-docker,https://github.com/nijel/weblate-docker.git
techfort,LokiJS,https://github.com/techfort/LokiJS.git
CHEF-KOCH,ProjectX,https://github.com/CHEF-KOCH/ProjectX.git
indrekots,indrekots.github.io,https://github.com/indrekots/indrekots.github.io.git
ssbc,ssb-markdown,https://github.com/ssbc/ssb-markdown.git
GeoDienstenCentrum,closure-compiler-maven-plugin,https://github.com/GeoDienstenCentrum/closure-compiler-maven-plugin.git
rs,SDWebImage,https://github.com/rs/SDWebImage.git
csirtgadgets,bearded-avenger-sdk-py,https://github.com/csirtgadgets/bearded-avenger-sdk-py.git
ashfurrow,Moya,https://github.com/ashfurrow/Moya.git
cleanflight,cleanflight-configurator,https://github.com/cleanflight/cleanflight-configurator.git
okonet,react-dropzone,https://github.com/okonet/react-dropzone.git
feross,webtorrent-app,https://github.com/feross/webtorrent-app.git
feathersjs,feathers-mubsub,https://github.com/feathersjs/feathers-mubsub.git
unitejs,core,https://github.com/unitejs/core.git
martincostello,browserstack-automate,https://github.com/martincostello/browserstack-automate.git
istio,istio,https://github.com/istio/istio.git
sinonjs,lolex,https://github.com/sinonjs/lolex.git
benbalter,jekyll-style-guide,https://github.com/benbalter/jekyll-style-guide.git
zulu-zsh,zulu,https://github.com/zulu-zsh/zulu.git
mtsmfm,railstest,https://github.com/mtsmfm/railstest.git
cucumber,cucumber-jvm,https://github.com/cucumber/cucumber-jvm.git
nijel,weblate,https://github.com/nijel/weblate.git
voodootikigod,node-serialport,https://github.com/voodootikigod/node-serialport.git
Caged,d3-tip,https://github.com/Caged/d3-tip.git
emotion-js,emotion,https://github.com/emotion-js/emotion.git
stephentuso,welcome-android,https://github.com/stephentuso/welcome-android.git
bpicode,fritzctl,https://github.com/bpicode/fritzctl.git
mattlewis92,angular2-calendar,https://github.com/mattlewis92/angular2-calendar.git
equinusocio,vsc-material-theme,https://github.com/equinusocio/vsc-material-theme.git
ankane,chartkick,https://github.com/ankane/chartkick.git
benbalter,wp-document-revisions,https://github.com/benbalter/wp-document-revisions.git
ssbc,muxrpc,https://github.com/ssbc/muxrpc.git
pmviva,bookmark_system,https://github.com/pmviva/bookmark_system.git
PowerShell,xSQLServer,https://github.com/PowerShell/xSQLServer.git
wso2,carbon-device-mgt,https://github.com/wso2/carbon-device-mgt.git
PlagueHO,cFSRM,https://github.com/PlagueHO/cFSRM.git
ceolter,angular-grid,https://github.com/ceolter/angular-grid.git
WeblateOrg,weblate,https://github.com/WeblateOrg/weblate.git
restify,node-restify,https://github.com/restify/node-restify.git
Homebrew,homebrew-command-not-found,https://github.com/Homebrew/homebrew-command-not-found.git
mattlewis92,angular-calendar,https://github.com/mattlewis92/angular-calendar.git
apis-is,apis,https://github.com/apis-is/apis.git
auth0-extensions,auth0-github-deploy,https://github.com/auth0-extensions/auth0-github-deploy.git
obiba,onyx-instruments,https://github.com/obiba/onyx-instruments.git
GetStream,Winds,https://github.com/GetStream/Winds.git
LinioIT,spreadsheet-parser,https://github.com/LinioIT/spreadsheet-parser.git
luispadron,UICircularProgressRing,https://github.com/luispadron/UICircularProgressRing.git
nightwatchjs,nightwatch,https://github.com/nightwatchjs/nightwatch.git
VulcanJS,Vulcan,https://github.com/VulcanJS/Vulcan.git
optonaut,ActiveLabel.swift,https://github.com/optonaut/ActiveLabel.swift.git
PowerShell,xWindowsUpdate,https://github.com/PowerShell/xWindowsUpdate.git
PowerShell,xSharePoint,https://github.com/PowerShell/xSharePoint.git
violetaria,violetaria.github.io,https://github.com/violetaria/violetaria.github.io.git
PowerShell,xDSCResourceDesigner,https://github.com/PowerShell/xDSCResourceDesigner.git
andreipitis,ASPCircleChart,https://github.com/andreipitis/ASPCircleChart.git
pages-themes,minimal,https://github.com/pages-themes/minimal.git
Semantic-Org,Semantic-UI,https://github.com/Semantic-Org/Semantic-UI.git
feathersjs,feathers-service-tests,https://github.com/feathersjs/feathers-service-tests.git
miekg,coredns,https://github.com/miekg/coredns.git
ATLauncher,Backend-NEXT,https://github.com/ATLauncher/Backend-NEXT.git
aloisklink,aloisklink.github.io,https://github.com/aloisklink/aloisklink.github.io.git
goadesign,goa,https://github.com/goadesign/goa.git
vuematerial,vue-material,https://github.com/vuematerial/vue-material.git
gatsbyjs,gatsby,https://github.com/gatsbyjs/gatsby.git
cerner,beadledom,https://github.com/cerner/beadledom.git
feathersjs,feathers-mongoose,https://github.com/feathersjs/feathers-mongoose.git
bkeepers,PRobot,https://github.com/bkeepers/PRobot.git
mcollina,fastify,https://github.com/mcollina/fastify.git
martincostello,sqllocaldb,https://github.com/martincostello/sqllocaldb.git
wangjordy,wangjordy.github.io,https://github.com/wangjordy/wangjordy.github.io.git
feathersjs,feathers-knex,https://github.com/feathersjs/feathers-knex.git
PowerShell,xWebAdministration,https://github.com/PowerShell/xWebAdministration.git
exercism,xpascal,https://github.com/exercism/xpascal.git
choojs,bankai,https://github.com/choojs/bankai.git
msiemens,tinydb,https://github.com/msiemens/tinydb.git
rosekaron,rosekaron.github.io,https://github.com/rosekaron/rosekaron.github.io.git
awslabs,aws-sdk-ios-samples,https://github.com/awslabs/aws-sdk-ios-samples.git
auth0-extensions,auth0-box-platform-extension,https://github.com/auth0-extensions/auth0-box-platform-extension.git
dawson-org,dawson-cli,https://github.com/dawson-org/dawson-cli.git
PowerShell,xPhp,https://github.com/PowerShell/xPhp.git
stoelzle,pdfify-alfred,https://github.com/stoelzle/pdfify-alfred.git
javascript-obfuscator,javascript-obfuscator,https://github.com/javascript-obfuscator/javascript-obfuscator.git
wysiwygjs,wysiwyg.js,https://github.com/wysiwygjs/wysiwyg.js.git
Homebrew,homebrew-services,https://github.com/Homebrew/homebrew-services.git
PowerShell,xWindowsRestore,https://github.com/PowerShell/xWindowsRestore.git
tbsexton,tbsexton.github.io,https://github.com/tbsexton/tbsexton.github.io.git
ljvmiranda921,pyswarms,https://github.com/ljvmiranda921/pyswarms.git
PowerShell,xSCVMM,https://github.com/PowerShell/xSCVMM.git
apollostack,react-apollo,https://github.com/apollostack/react-apollo.git
Eugeny,terminus,https://github.com/Eugeny/terminus.git
McJty,RFToolsDimensions,https://github.com/McJty/RFToolsDimensions.git
bkimminich,z85-cli,https://github.com/bkimminich/z85-cli.git
ParsePlatform,Parse-SDK-iOS-OSX,https://github.com/ParsePlatform/Parse-SDK-iOS-OSX.git
bkimminich,juice-shop-ctf,https://github.com/bkimminich/juice-shop-ctf.git
PowerShell,DscResource.Tests,https://github.com/PowerShell/DscResource.Tests.git
dresden-elektronik,deconz-rest-plugin,https://github.com/dresden-elektronik/deconz-rest-plugin.git
soscripted,sox,https://github.com/soscripted/sox.git
node-nock,nock,https://github.com/node-nock/nock.git
martincostello,alexa-london-travel-site,https://github.com/martincostello/alexa-london-travel-site.git
danielcaldas,react-d3-graph,https://github.com/danielcaldas/react-d3-graph.git
excon,excon.github.io,https://github.com/excon/excon.github.io.git
goreleaser,goreleaser,https://github.com/goreleaser/goreleaser.git
awslabs,aws-sdk-android-samples,https://github.com/awslabs/aws-sdk-android-samples.git
serverspec,specinfra,https://github.com/serverspec/specinfra.git
FogPress,docker-alpine,https://github.com/FogPress/docker-alpine.git
tangming2008,tangming2008.github.io,https://github.com/tangming2008/tangming2008.github.io.git
feathersjs,feathers-logger,https://github.com/feathersjs/feathers-logger.git
mati75,vimb,https://github.com/mati75/vimb.git
cesarferreira,alfi,https://github.com/cesarferreira/alfi.git
gorilla,mux,https://github.com/gorilla/mux.git
nijel,wlc,https://github.com/nijel/wlc.git
marcosmoura,vue-material,https://github.com/marcosmoura/vue-material.git
CHEF-KOCH,FFCK,https://github.com/CHEF-KOCH/FFCK.git
angular-ui,ui-grid,https://github.com/angular-ui/ui-grid.git
education,classroom,https://github.com/education/classroom.git
LinioIT,input,https://github.com/LinioIT/input.git
serverdensity,sd-agent-core-plugins,https://github.com/serverdensity/sd-agent-core-plugins.git
jpadilla,ember-cli-simple-auth-token,https://github.com/jpadilla/ember-cli-simple-auth-token.git
feathersjs,feathers-mongodb,https://github.com/feathersjs/feathers-mongodb.git
jaredpalmer,razzle,https://github.com/jaredpalmer/razzle.git
poldracklab,preprocessing-workflow,https://github.com/poldracklab/preprocessing-workflow.git
ToroCraft,Minecoprocessors,https://github.com/ToroCraft/Minecoprocessors.git
spotify,helios,https://github.com/spotify/helios.git
rpottsoh,exercism-delphi,https://github.com/rpottsoh/exercism-delphi.git
cesarferreira,dryrun,https://github.com/cesarferreira/dryrun.git
eventespresso,eea-payment-methods-pro,https://github.com/eventespresso/eea-payment-methods-pro.git
hassio-addons,build-env,https://github.com/hassio-addons/build-env.git
savonrb,savon,https://github.com/savonrb/savon.git
securestate,king-phisher,https://github.com/securestate/king-phisher.git
WildGums,Orc.Sort,https://github.com/WildGums/Orc.Sort.git
brchristian,rails,https://github.com/brchristian/rails.git
wso2-incubator,product-device-cloud,https://github.com/wso2-incubator/product-device-cloud.git
Samfox2,homebridge-domotiga,https://github.com/Samfox2/homebridge-domotiga.git
Mirantis,virtlet,https://github.com/Mirantis/virtlet.git
auth0-extensions,auth0-extension-ui,https://github.com/auth0-extensions/auth0-extension-ui.git
react-dropzone,react-dropzone,https://github.com/react-dropzone/react-dropzone.git
jaredpalmer,react-production-starter,https://github.com/jaredpalmer/react-production-starter.git
PowerShell,xPSDesiredStateConfiguration,https://github.com/PowerShell/xPSDesiredStateConfiguration.git
ssbc,ssb-feed,https://github.com/ssbc/ssb-feed.git
exercism,xerlang,https://github.com/exercism/xerlang.git
PowerShell,xWebDeploy,https://github.com/PowerShell/xWebDeploy.git
tarampampam,nod32-update-mirror,https://github.com/tarampampam/nod32-update-mirror.git
pattern-lab,patternlab-node,https://github.com/pattern-lab/patternlab-node.git
PowerShell,xAzure,https://github.com/PowerShell/xAzure.git
ceolter,ag-grid,https://github.com/ceolter/ag-grid.git
iberianpig,fusuma,https://github.com/iberianpig/fusuma.git
rackerlabs,django-DefectDojo,https://github.com/rackerlabs/django-DefectDojo.git
CatenaLogic,RepositoryCleaner,https://github.com/CatenaLogic/RepositoryCleaner.git
feathersjs,feathers-nedb,https://github.com/feathersjs/feathers-nedb.git
kura,eevee,https://github.com/kura/eevee.git
mattlewis92,angular-bootstrap-calendar,https://github.com/mattlewis92/angular-bootstrap-calendar.git
PowerShell,xNetworking,https://github.com/PowerShell/xNetworking.git
devopsdays,devopsdays-cli,https://github.com/devopsdays/devopsdays-cli.git
kura,yarg,https://github.com/kura/yarg.git
mhbu50,frappe,https://github.com/mhbu50/frappe.git
cucumber,cucumber-ruby-core,https://github.com/cucumber/cucumber-ruby-core.git
exercism,xlisp,https://github.com/exercism/xlisp.git
benbalter,jekyll-titles-from-headings,https://github.com/benbalter/jekyll-titles-from-headings.git
directus,directus,https://github.com/directus/directus.git
prakhar1989,react-tags,https://github.com/prakhar1989/react-tags.git
airsonic,airsonic,https://github.com/airsonic/airsonic.git
fog,fog-core,https://github.com/fog/fog-core.git
PowerShell,xDnsServer,https://github.com/PowerShell/xDnsServer.git
ktsaou,netdata,https://github.com/ktsaou/netdata.git
obiba,onyx,https://github.com/obiba/onyx.git
andrewedstrom,andrewedstrom.github.io,https://github.com/andrewedstrom/andrewedstrom.github.io.git
spf13,hugoThemes,https://github.com/spf13/hugoThemes.git
coliff,caniuse.email,https://github.com/coliff/caniuse.email.git
iNavFlight,LuaTelemetry,https://github.com/iNavFlight/LuaTelemetry.git
PlagueHO,xFSRM,https://github.com/PlagueHO/xFSRM.git
arendst,Sonoff-Tasmota,https://github.com/arendst/Sonoff-Tasmota.git
makaroniame,makaroniame.github.io,https://github.com/makaroniame/makaroniame.github.io.git
PowerShell,xJea,https://github.com/PowerShell/xJea.git
exercism,xelixir,https://github.com/exercism/xelixir.git
rsv1925,rsv1925.github.io,https://github.com/rsv1925/rsv1925.github.io.git
PowerShell,xSCSR,https://github.com/PowerShell/xSCSR.git
betaflight,docker-betaflight-build,https://github.com/betaflight/docker-betaflight-build.git
saltstack,salt,https://github.com/saltstack/salt.git
dogo,SCLAlertView,https://github.com/dogo/SCLAlertView.git
strongloop,loopback-getting-started-intermediate,https://github.com/strongloop/loopback-getting-started-intermediate.git
PowerShell,xSafeHarbor,https://github.com/PowerShell/xSafeHarbor.git
jquery-validation,jquery-validation,https://github.com/jquery-validation/jquery-validation.git
excon,excon,https://github.com/excon/excon.git
